House ID,Golden Grains
6e33d031,1143495.55
6e33d037,1460948.7
6e33d03d,1580654.02
6e33d043,1382371.68
6e33d045,1368170.98
6e33d049,1318145.32
6e33d04d,1371029.04
6e33d051,1151112.67
6e33d053,1155949.7
6e33d055,1149174.92
6e33d05b,1135121.04
6e33d05f,1132748.41
6e33d062,1464963.07
6e33d065,1641641.73
6e33d067,1408042.82
6e33d06b,1259558.96
6e33d071,1494719.72
6e33d075,1243371.73
6e33d07a,1362549.8
6e33d080,1147048.93
6e33d083,1246028.66
6e33d089,1311429.6
6e33d08b,1494635.67
6e33d08e,1124115.08
6e33d090,1318772.76
6e33d095,1476390.78
6e33d098,1259949.59
6e33d09a,1129929.04
6e33d09d,1432462.52
6e33d0a0,1272299.03
6e33d0a5,1136662.55
6e33d0a8,1413684.88
6e33d0ac,1429528.77
6e33d0b1,1409077.47
6e33d0b5,1158592.82
6e33d0ba,1443866.92
6e33d0bc,1276097.61
6e33d0c2,1406824.54
6e33d0c6,1263567.33
6e33d0cc,1534425.29
6e33d0d1,1306090.12
6e33d0d3,1528784.8
6e33d0d5,1467367.15
6e33d0d7,833367.7
6e33d0dc,1521263.01
6e33d0e0,1166182.66
6e33d0e2,1382394.56
6e33d0e4,1387645.61
6e33d0e6,1311161.34
6e33d0ea,1215501.93
6e33d0ee,1424564.37
6e33d0f4,1266611.66
6e33d0f8,1381240.02
6e33d0fd,1500239.1
6e33d100,1287316.71
6e33d103,1239649.37
6e33d108,1147885.33
6e33d10b,1520344.45
6e33d110,1065427.19
6e33d112,1042621.59
6e33d117,1552495.92
6e33d11c,1525221.06
6e33d122,1208700.27
6e33d127,1125333.27
6e33d12c,1306276.47
6e33d130,1331267.53
6e33d136,1495204.9
6e33d13a,1543990.8
6e33d13e,1392680.98
6e33d141,1308436.36
6e33d147,1375764.17
6e33d14b,1444469.79
6e33d14e,1036380.54
6e33d151,974719.04
6e33d154,1266100.88
6e33d159,1306983.14
6e33d15f,1426107.6
6e33d162,1259970.81
6e33d168,1358167.97
6e33d16d,1208766.32
6e33d16f,1391029.43
6e33d172,1498400.92
6e33d175,1282772.6
6e33d17b,845199.07
6e33d181,1322393.17
6e33d184,1365589.19
6e33d186,1314122.02
6e33d18b,1481100.92
6e33d191,1176220.44
6e33d193,1408857.57
6e33d197,1489723.28
6e33d19b,1495358.16
6e33d19f,1257794.91
6e33d1a3,1260488.95
6e33d1a7,1186197.41
6e33d1ad,1358616.83
6e33d1b1,1401109.38
6e33d1b5,1483216.24
6e33d1b9,1361815.5
6e33d1bb,1360512.1
6e33d1bf,1203688.56
6e33d1c4,1427420.66
6e33d1c7,1470473.58
6e33d1cb,1535351.57
6e33d1cd,1347021.73
6e33d1d3,1257279.37
6e33d1d9,1430844.07
6e33d1dd,1232856.94
6e33d1e1,1480436.98
6e33d1e3,1011540.02
6e33d1e8,1240696.45
6e33d1ec,1181757.37
6e33d1f2,1359302.74
6e33d1f6,1293222.74
6e33d1fa,1338398.0
6e33d1ff,1433261.46
6e33d205,1019215.15
6e33d207,1271564.84
6e33d209,1561357.67
6e33d20e,1375840.31
6e33d210,1223231.84
6e33d216,1090930.29
6e33d219,1150821.5
6e33d21d,1133273.41
6e33d221,1123478.2
6e33d227,1325157.27
6e33d22a,1181143.94
6e33d22e,1333291.37
6e33d230,1171385.89
6e33d234,1450008.45
6e33d239,989234.71
6e33d23e,1380395.86
6e33d241,1215015.15
6e33d244,1370114.89
6e33d247,1317185.52
6e33d24b,1424273.08
6e33d251,1082298.45
6e33d253,1312577.12
6e33d256,1214515.48
6e33d25c,1327810.39
6e33d25f,1427214.14
6e33d262,1164818.1
6e33d266,1400296.23
6e33d26b,1413268.53
6e33d26d,1524559.43
6e33d26f,1499540.14
6e33d274,1337827.31
6e33d278,1239985.41
6e33d27e,883045.05
6e33d281,1426468.37
6e33d286,1374724.42
6e33d28a,1417641.23
6e33d28e,1391045.14
6e33d293,1345476.18
6e33d298,1545050.73
6e33d29a,1409277.17
6e33d29c,1199405.91
6e33d29e,1167514.74
6e33d2a1,1447527.42
6e33d2a5,1097991.25
6e33d2ab,1267736.81
6e33d2b1,1272744.05
6e33d2b6,1617078.01
6e33d2bc,1336679.51
6e33d2c0,1371315.11
6e33d2c4,1086619.61
6e33d2c6,967819.83
6e33d2cb,1518973.94
6e33d2d0,1154793.44
6e33d2d5,1184895.27
6e33d2db,1454348.25
6e33d2e1,1301320.84
6e33d2e7,916665.0
6e33d2ea,1054177.41
6e33d2ec,1331500.26
6e33d2f2,1283770.32
6e33d2f4,1509304.31
6e33d2fa,1237559.24
6e33d2fe,1270568.36
6e33d303,1463063.79
6e33d309,1307506.51
6e33d30f,1306719.78
6e33d312,1422633.31
6e33d314,1235181.41
6e33d31a,991109.07
6e33d31e,1204003.94
6e33d320,1157366.81
6e33d326,1316772.1
6e33d329,1430937.03
6e33d32f,1178112.54
6e33d333,1526518.43
6e33d339,1391432.56
6e33d33e,1439637.16
6e33d340,1173788.55
6e33d344,1357220.96
6e33d34a,1087595.29
6e33d34f,1421990.58
6e33d353,1056578.17
6e33d359,1084994.7
6e33d35f,1269598.73
6e33d362,1349833.01
6e33d366,1543628.21
6e33d368,1488206.72
6e33d36e,1529455.19
6e33d371,1445677.76
6e33d376,1112057.2
6e33d37c,1385169.6
6e33d381,1464132.64
6e33d383,1397968.92
6e33d388,1334752.81
6e33d38b,1197519.53
6e33d38d,1508722.22
6e33d38f,881123.79
6e33d393,1351020.62
6e33d399,1248047.98
6e33d39d,1563286.36
6e33d3a2,1426786.42
6e33d3a7,1402586.45
6e33d3ab,1016310.62
6e33d3af,1211752.86
6e33d3b5,1078636.68
6e33d3bb,1303105.48
6e33d3be,1109826.92
6e33d3c2,1511749.68
6e33d3c6,1420739.49
6e33d3ca,1152921.52
6e33d3cf,1156194.24
6e33d3d2,1386521.91
6e33d3d8,1468011.6
6e33d3de,1357462.67
6e33d3e0,1424400.66
6e33d3e6,1293619.92
6e33d3e8,1506035.03
6e33d3ee,1454926.93
6e33d3f0,1327790.53
6e33d3f3,1464247.7
6e33d3f5,1142059.5
6e33d3f7,1545150.51
6e33d3fd,1232090.37
6e33d402,1177091.1
6e33d405,1194770.81
6e33d408,1595556.05
6e33d40a,1541669.26
6e33d40c,1339055.94
6e33d40f,1485624.36
6e33d413,1285613.1
6e33d416,1426250.93
6e33d419,1304772.65
6e33d41f,1336555.33
6e33d424,1517408.44
6e33d429,1632516.62
6e33d42f,1381620.57
6e33d433,1402677.84
6e33d439,1227186.11
6e33d43d,1342401.36
6e33d441,1182842.15
6e33d443,1083543.46
6e33d445,1462356.95
6e33d449,1423636.74
6e33d44c,1276227.09
6e33d450,1105459.21
6e33d456,1290010.9
6e33d45b,1610316.34
6e33d45f,1416252.03
6e33d461,1146250.51
6e33d466,1265423.71
6e33d46c,1262684.97
6e33d46f,1186574.85
6e33d471,1198258.2
6e33d473,1156327.71
6e33d478,1047719.69
6e33d47c,1443981.22
6e33d47e,1266096.83
6e33d482,1302231.97
6e33d486,1399480.29
6e33d489,1487021.3
6e33d48d,1231791.3
6e33d48f,1346648.27
6e33d491,1443149.45
6e33d496,1128492.74
6e33d49b,1104526.64
6e33d4a1,1517352.29
6e33d4a7,1056255.22
6e33d4ad,1588198.98
6e33d4af,1314436.13
6e33d4b3,1188154.38
6e33d4b6,1342027.78
6e33d4bc,1053254.51
6e33d4c0,1417610.61
6e33d4c4,1154367.49
6e33d4c9,1203360.81
6e33d4cd,906959.67
6e33d4d0,1151975.57
6e33d4d6,1490006.8
6e33d4d8,1421631.94
6e33d4dd,1048403.11
6e33d4df,1486364.26
6e33d4e2,1306308.9
6e33d4e6,1534627.81
6e33d4eb,1427999.61
6e33d4ef,1331454.56
6e33d4f1,1262792.78
6e33d4f7,1097978.06
6e33d4fb,1218887.4
6e33d4fd,1431243.43
6e33d4ff,1459144.47
6e33d501,1442583.79
6e33d503,1232334.72
6e33d508,1553358.39
6e33d50d,1415383.09
6e33d513,1483002.12
6e33d517,1340176.7
6e33d51b,1347665.17
6e33d521,1256957.69
6e33d527,1367721.37
6e33d52a,1498847.64
6e33d52e,1303641.82
6e33d534,1468077.73
6e33d536,1348636.54
6e33d53b,1466756.67
6e33d540,1470852.1
6e33d546,1426825.63
6e33d54a,1324723.84
6e33d54d,1379054.36
6e33d553,1657115.51
6e33d556,1483948.51
6e33d55b,1385843.52
6e33d560,1226011.08
6e33d566,1416972.18
6e33d56c,1397968.49
6e33d56f,1330810.87
6e33d573,1037121.96
6e33d578,1656262.6
6e33d57a,1383573.64
6e33d57d,1463071.12
6e33d581,1272276.99
6e33d586,1496944.06
6e33d589,1080294.21
6e33d58e,1317650.23
6e33d590,1516441.91
6e33d594,1462467.92
6e33d598,1289468.51
6e33d59c,1302309.61
6e33d5a0,1407899.05
6e33d5a5,1456879.91
6e33d5aa,1558390.65
6e33d5ad,1441829.3
6e33d5b2,1324525.31
6e33d5b5,1091063.9
6e33d5b9,1324990.97
6e33d5bf,1399109.81
6e33d5c4,1313779.16
6e33d5c6,1263146.92
6e33d5c9,1444791.9
6e33d5ce,1463027.58
6e33d5d0,1382665.18
6e33d5d4,1234883.78
6e33d5d6,1656455.96
6e33d5dc,1262490.85
6e33d5e2,1316735.49
6e33d5e5,1341390.48
6e33d5e7,1385199.31
6e33d5eb,1492492.01
6e33d5ee,1266249.94
6e33d5f0,1320603.93
6e33d5f6,1117963.45
6e33d5fc,1609654.09
6e33d600,1331404.02
6e33d604,1188259.34
6e33d607,1587792.13
6e33d60d,1287111.88
6e33d610,1355647.63
6e33d616,1506779.73
6e33d619,1376183.93
6e33d61c,1385679.46
6e33d620,1254092.44
6e33d623,773190.58
6e33d626,1419381.65
6e33d62a,1307893.93
6e33d62c,1371155.37
6e33d62e,1027304.98
6e33d632,1287582.45
6e33d634,1417134.02
6e33d637,1203157.63
6e33d63d,1430809.62
6e33d643,1234569.86
6e33d645,1357450.37
6e33d64a,1504168.37
6e33d64e,1425566.07
6e33d651,1273755.09
6e33d656,1432774.34
6e33d659,882972.03
6e33d65b,1296059.3
6e33d65e,1249833.46
6e33d660,1320171.88
6e33d666,1377812.94
6e33d669,1360394.98
6e33d66e,1497141.7
6e33d673,1304746.65
6e33d679,1260364.29
6e33d67b,1319259.99
6e33d681,1429297.48
6e33d685,1495080.89
6e33d687,1228793.4
6e33d68b,1246908.6
6e33d68d,1524778.73
6e33d68f,1273157.31
6e33d694,1457343.62
6e33d699,1383725.45
6e33d69c,1505457.11
6e33d69f,1283441.88
6e33d6a2,1096525.99
6e33d6a4,1335222.54
6e33d6a7,1333280.78
6e33d6ad,1411993.47
6e33d6af,1304705.12
6e33d6b5,1456646.76
6e33d6ba,1380625.14
6e33d6c0,1355608.8
6e33d6c2,1211572.44
6e33d6c8,1057520.24
6e33d6cb,1427160.65
6e33d6cd,911449.71
6e33d6d3,1297085.33
6e33d6d6,1411651.12
6e33d6db,1313241.64
6e33d6e1,1429913.33
6e33d6e6,1556786.93
6e33d6ec,1356077.96
6e33d6ee,1409383.27
6e33d6f4,1382060.72
6e33d6f9,1336251.88
6e33d6fb,1240170.57
6e33d701,1366424.24
6e33d707,1163898.07
6e33d70c,1440348.69
6e33d711,1334359.45
6e33d717,1353251.74
6e33d719,1021397.67
6e33d71f,1328313.8
6e33d723,1241457.56
6e33d729,1179003.89
6e33d72e,1356512.66
6e33d731,1304245.58
6e33d734,1090638.47
6e33d738,1307292.92
6e33d73c,1347827.62
6e33d73e,1234202.56
6e33d744,1404875.08
6e33d748,1351012.43
6e33d74a,1484117.32
6e33d74c,1109601.56
6e33d750,1128709.65
6e33d756,1130883.07
6e33d75b,881512.69
6e33d761,1488001.82
6e33d767,1169007.09
6e33d76d,1410310.27
6e33d76f,1309845.58
6e33d773,1504583.4
6e33d778,1426389.7
6e33d77e,1391915.86
6e33d781,1395354.64
6e33d787,1511093.46
6e33d78d,1175007.17
6e33d792,1647418.83
6e33d797,1353712.55
6e33d799,1394953.59
6e33d79c,1381535.39
6e33d7a0,1030707.01
6e33d7a6,1199447.25
6e33d7a9,1403740.01
6e33d7ae,1357702.1
6e33d7b1,1270583.44
6e33d7b7,1493954.09
6e33d7ba,1420324.62
6e33d7be,1383712.37
6e33d7c3,1491172.97
6e33d7c7,1134873.14
6e33d7cd,1375868.92
6e33d7d2,1381838.13
6e33d7d8,1329821.14
6e33d7dd,1302649.72
6e33d7e0,1231393.12
6e33d7e5,1294464.29
6e33d7e9,1467480.07
6e33d7ec,1413813.16
6e33d7ee,1382363.52
6e33d7f4,899262.25
6e33d7f7,1276694.51
6e33d7fb,1107487.01
6e33d7fe,1403826.94
6e33d801,1311768.03
6e33d805,1197631.93
6e33d808,1429201.45
6e33d80a,1201677.23
6e33d80c,1281515.38
6e33d811,1440577.4
6e33d817,1320371.92
6e33d81a,789600.01
6e33d820,1315365.74
6e33d822,1262216.98
6e33d825,1364052.15
6e33d827,1355825.77
6e33d829,1360889.62
6e33d82c,1372094.76
6e33d82f,1111687.81
6e33d833,1493873.16
6e33d838,875278.56
6e33d83a,1068422.0
6e33d83c,1276634.1
6e33d840,1306582.06
6e33d842,1221597.14
6e33d846,1315942.23
6e33d849,1443681.68
6e33d84d,1301739.53
6e33d851,1239893.74
6e33d856,1228663.24
6e33d85c,1498459.51
6e33d85f,1469195.06
6e33d863,1496818.19
6e33d865,1257780.69
6e33d869,1292284.84
6e33d86b,1244917.38
6e33d86f,1427177.25
6e33d871,1480657.12
6e33d873,1425929.31
6e33d876,1280228.86
6e33d87b,1292321.77
6e33d87f,1343362.42
6e33d883,1540324.62
6e33d889,1204086.94
6e33d88c,1543085.0
6e33d892,1406353.22
6e33d895,1298607.21
6e33d89b,1262500.15
6e33d89e,1256447.54
6e33d8a1,1379195.77
6e33d8a3,1119712.08
6e33d8a6,1549463.43
6e33d8ab,971196.62
6e33d8ad,1072279.85
6e33d8b0,1334980.51
6e33d8b4,1182848.48
6e33d8b9,1232277.64
6e33d8bc,1365981.04
6e33d8bf,1406236.21
6e33d8c3,1459277.76
6e33d8c5,1054858.4
6e33d8ca,1266049.06
6e33d8cd,1350087.11
6e33d8d2,1400636.57
6e33d8d4,1354019.15
6e33d8d6,1217991.51
6e33d8dc,1462128.83
6e33d8e2,1006225.27
6e33d8e8,1447014.62
6e33d8ed,1115681.77
6e33d8f3,1401523.56
6e33d8f9,1308632.27
6e33d8ff,1203834.01
6e33d905,1096108.14
6e33d908,1682739.1
6e33d90a,1179903.89
6e33d90e,1370224.37
6e33d911,1277496.33
6e33d915,1119054.24
6e33d918,1145906.79
6e33d91a,1165730.03
6e33d91f,1459499.62
6e33d925,1255613.04
6e33d927,1296197.33
6e33d92d,1571151.38
6e33d92f,1149666.21
6e33d934,1128906.03
6e33d938,1215631.04
6e33d93c,1204380.21
6e33d93f,1578125.4
6e33d945,1426288.79
6e33d948,1355526.68
6e33d94a,1200227.65
6e33d94d,1247259.3
6e33d94f,1456766.4
6e33d951,1382231.27
6e33d957,1452581.95
6e33d95d,1629534.31
6e33d960,1122016.93
6e33d964,1215732.12
6e33d967,1478883.77
6e33d96b,1338835.79
6e33d970,1402959.95
6e33d976,1095217.03
6e33d978,1404669.39
6e33d97e,1027904.2
6e33d981,1652169.22
6e33d985,978655.45
6e33d98a,1297924.75
6e33d98e,1276272.58
6e33d991,1359230.25
6e33d996,951725.44
6e33d99a,1402777.94
6e33d99e,1368245.11
6e33d9a2,1484342.49
6e33d9a4,1426066.71
6e33d9aa,992758.82
6e33d9af,1357657.71
6e33d9b5,1433287.39
6e33d9b8,1440458.78
6e33d9bd,1402888.96
6e33d9c2,1541677.91
6e33d9c6,1469359.79
6e33d9c9,1546566.81
6e33d9ce,1109699.91
6e33d9d3,1398618.56
6e33d9d8,1245848.27
6e33d9dd,1541447.1
6e33d9e3,881399.41
6e33d9e9,1236266.66
6e33d9eb,1191709.74
6e33d9f1,1225209.38
6e33d9f6,920337.62
6e33d9f9,1413278.26
6e33d9ff,1368777.27
6e33da04,1314862.26
6e33da06,1434025.73
6e33da08,1368017.4
6e33da0c,1171494.04
6e33da12,1189112.83
6e33da18,1312414.77
6e33da1e,1463077.86
6e33da24,1569215.66
6e33da26,1149037.6
6e33da29,1424234.17
6e33da2c,888670.55
6e33da30,1258300.07
6e33da35,1484406.86
6e33da3b,1524488.85
6e33da41,1191692.34
6e33da46,1499148.99
6e33da49,1123625.86
6e33da4e,1490988.98
6e33da50,1242180.82
6e33da52,1393995.05
6e33da57,1165956.09
6e33da59,1445836.97
6e33da5e,1367199.46
6e33da60,936702.17
6e33da63,1422704.8
6e33da65,1293734.9
6e33da68,1399056.89
6e33da6d,1352563.68
6e33da6f,1539472.85
6e33da75,1156823.74
6e33da7a,1402589.94
6e33da7f,1385721.08
6e33da81,1136277.13
6e33da86,1114549.79
6e33da89,1175910.86
6e33da8e,1095862.21
6e33da93,1455610.84
6e33da95,1177392.33
6e33da99,1272812.0
6e33da9c,1399162.27
6e33daa2,1004363.32
6e33daa6,1512543.09
6e33daa9,1215634.21
6e33daaf,1356613.52
6e33dab1,1205271.3
6e33dab3,1400157.05
6e33dab8,1300520.86
6e33dabc,1332720.7
6e33dabe,1347388.58
6e33dac1,1020409.8
6e33dac5,1546370.82
6e33dac7,1117755.0
6e33dacd,1444609.19
6e33dad0,1496181.18
6e33dad4,1213211.68
6e33dad7,967929.18
6e33dada,1254438.98
6e33dadd,1246713.55
6e33dae1,1314059.03
6e33dae6,1253882.39
6e33dae9,1371920.0
6e33daef,1286884.66
6e33daf1,1188272.93
6e33daf4,1415322.49
6e33daf7,1226114.5
6e33daf9,1274415.28
6e33dafb,1257904.5
6e33db01,1342975.13
6e33db06,1151699.89
6e33db09,1287772.52
6e33db0d,1351021.07
6e33db0f,1503478.96
6e33db12,1306934.55
6e33db18,1555644.75
6e33db1d,1490419.67
6e33db22,1370176.35
6e33db28,1548957.64
6e33db2a,1309176.7
6e33db2e,1487851.85
6e33db34,1656262.37
6e33db38,1241893.92
6e33db3e,1251175.73
6e33db41,1475238.57
6e33db43,1465951.16
6e33db49,1015802.62
6e33db4b,1440356.68
6e33db50,1037569.4
6e33db54,1434611.23
6e33db56,1205219.78
6e33db58,1150478.23
6e33db5b,1184052.18
6e33db61,1012139.13
6e33db64,1173183.64
6e33db66,1364279.44
6e33db6a,1303427.04
6e33db6e,1373221.2
6e33db71,1470863.76
6e33db75,1270915.66
6e33db79,1369060.12
6e33db7c,1252156.14
6e33db7f,1369306.94
6e33db82,1404839.21
6e33db87,1233786.26
6e33db8a,1320045.49
6e33db8f,1161377.28
6e33db93,1474542.65
6e33db98,1476725.7
6e33db9a,1191024.16
6e33db9c,1500247.21
6e33db9e,1333300.43
6e33dba0,1578844.39
6e33dba2,829969.84
6e33dba5,1525534.94
6e33dbab,1403039.7
6e33dbaf,1489988.19
6e33dbb1,1484517.47
6e33dbb7,1316353.03
6e33dbbd,1006998.12
6e33dbbf,1544283.13
6e33dbc2,1366786.5
6e33dbc5,1087490.97
6e33dbcb,1241544.61
6e33dbcf,1217894.65
6e33dbd2,1211452.55
6e33dbd8,1656263.0
6e33dbdc,1484927.98
6e33dbe2,1510551.23
6e33dbe8,1499004.64
6e33dbee,1247244.28
6e33dbf2,1362347.41
6e33dbf4,1217012.4
6e33dbf7,1228720.86
6e33dbfc,1160121.22
6e33dc02,1493301.66
6e33dc06,1376603.19
6e33dc0b,1208872.68
6e33dc0e,1408754.96
6e33dc13,1291616.89
6e33dc17,861093.56
6e33dc1d,1458395.21
6e33dc21,1298659.81
6e33dc23,1270144.38
6e33dc28,974882.34
6e33dc2a,1376076.38
6e33dc2d,1319923.99
6e33dc30,1238201.67
6e33dc32,1338178.2
6e33dc38,1375209.93
6e33dc3a,1410978.26
6e33dc3c,1333530.92
6e33dc3f,1456001.18
6e33dc41,1517197.6
6e33dc45,979012.14
6e33dc47,1046254.66
6e33dc4d,1181239.45
6e33dc52,1354744.09
6e33dc57,1467426.21
6e33dc5a,1231498.22
6e33dc60,1382861.65
6e33dc62,1061893.49
6e33dc65,1473836.66
6e33dc6b,1426448.65
6e33dc6e,1178780.81
6e33dc71,1258289.49
6e33dc77,1247485.32
6e33dc7d,1453792.15
6e33dc80,1294486.78
6e33dc84,1164504.58
6e33dc89,1376504.86
6e33dc8e,1498925.56
6e33dc93,1042412.0
6e33dc97,1411665.43
6e33dc9b,1394196.62
6e33dc9f,1399046.36
6e33dca4,1411429.58
6e33dca8,1501382.44
6e33dcae,1422311.39
6e33dcb3,1193556.41
6e33dcb7,1206334.28
6e33dcbb,1334186.56
6e33dcbd,1297865.49
6e33dcbf,1401410.44
6e33dcc2,1389661.92
6e33dcc8,1008011.51
6e33dccb,1356606.92
6e33dccd,1575227.26
6e33dcd2,1098221.18
6e33dcd8,1262977.33
6e33dcde,1177207.28
6e33dce3,1307747.85
6e33dce6,1239088.55
6e33dce9,1190696.22
6e33dced,1438940.18
6e33dcf2,1475496.73
6e33dcf5,1342824.79
6e33dcfb,1357308.35
6e33dd01,1241221.41
6e33dd03,1259563.57
6e33dd07,1498507.22
6e33dd0a,1111963.32
6e33dd0d,850021.12
6e33dd0f,1185819.23
6e33dd11,1417166.14
6e33dd13,1507349.71
6e33dd16,1218758.15
6e33dd1b,1358133.17
6e33dd1f,1309887.6
6e33dd25,1385863.85
6e33dd28,984059.16
6e33dd2e,1388785.33
6e33dd32,1280886.73
6e33dd37,1457428.21
6e33dd3a,1093059.67
6e33dd3f,1454326.52
6e33dd45,1312137.3
6e33dd4a,1422392.39
6e33dd50,1223895.59
6e33dd52,1444883.49
6e33dd58,1446345.66
6e33dd5d,1570185.77
6e33dd63,1530445.01
6e33dd66,1160112.73
6e33dd69,1296926.36
6e33dd6b,1350219.92
6e33dd6f,1278189.16
6e33dd73,1348292.8
6e33dd75,1421351.52
6e33dd7a,1353357.28
6e33dd7e,1409931.61
6e33dd84,1395368.49
6e33dd86,1435895.14
6e33dd8a,1452351.04
6e33dd8e,1286633.24
6e33dd92,1137012.88
6e33dd95,1315060.45
6e33dd9b,1252089.64
6e33dda1,1063806.45
6e33dda6,1068611.2
6e33dda9,1457562.47
6e33ddab,1484276.46
6e33ddb1,1387564.12
6e33ddb3,1478912.38
6e33ddb8,1529034.88
6e33ddbd,1351526.63
6e33ddc2,916294.41
6e33ddc4,1382131.94
6e33ddc7,1473297.89
6e33ddca,1383997.64
6e33ddce,1441390.88
6e33ddd0,929329.57
6e33ddd5,1528142.31
6e33ddda,1070309.53
6e33dddc,1351178.46
6e33ddde,1495186.46
6e33dde1,1269321.14
6e33dde7,1295114.8
6e33ddea,1553039.73
6e33ddf0,1090716.31
6e33ddf6,1397719.94
6e33ddf9,882002.17
6e33ddfc,1319856.27
6e33de00,1384047.1
6e33de02,964421.55
6e33de04,1185334.25
6e33de0a,1261583.32
6e33de0e,1505755.1
6e33de10,1180690.19
6e33de16,1354681.64
6e33de18,1266672.35
6e33de1d,1350733.71
6e33de22,1187623.68
6e33de24,1431907.34
6e33de2a,1384757.73
6e33de2f,1452796.04
6e33de35,1425516.15
6e33de3a,1401959.18
6e33de3e,1438240.72
6e33de42,1504157.82
6e33de47,1122904.98
6e33de4b,1653277.52
6e33de4e,1379120.98
6e33de54,836785.63
6e33de56,1610535.37
6e33de58,1029857.27
6e33de5a,1329284.61
6e33de5c,962242.93
6e33de61,1577399.99
6e33de65,1430748.29
6e33de6a,1234706.57
6e33de6e,1324617.63
6e33de70,1290694.39
6e33de76,1363879.21
6e33de7b,962736.06
6e33de80,1521121.93
6e33de85,1429070.51
6e33de88,1000229.56
6e33de8e,1418378.66
6e33de91,1479647.04
6e33de95,1254112.18
6e33de97,1459946.85
6e33de9b,1552406.85
6e33dea1,1359071.39
6e33dea5,1154537.08
6e33dea8,990258.52
6e33deaa,1173176.47
6e33dead,1171693.81
6e33deb3,1432027.03
6e33deb9,1132163.02
6e33debd,1464232.95
6e33dec1,1122536.93
6e33dec4,1567582.43
6e33dec9,1225783.74
6e33decc,1516129.18
6e33ded2,1427399.83
6e33ded7,1527838.89
6e33dedb,1295674.88
6e33dede,1561631.02
6e33dee2,1366546.55
6e33dee6,1145013.5
6e33deec,1336869.66
6e33def0,1456117.45
6e33def6,879855.54
6e33def8,1359398.18
6e33defc,1330518.73
6e33df02,1452812.83
6e33df04,1403208.09
6e33df07,1360683.56
6e33df0c,1237610.64
6e33df0f,1454380.31
6e33df14,1531123.23
6e33df19,1308162.06
6e33df1f,1271248.55
6e33df25,1437221.03
6e33df29,1283778.1
6e33df2e,1335069.49
6e33df33,1482910.83
6e33df35,1181092.03
6e33df39,1239203.36
6e33df3d,770952.63
6e33df41,1487890.04
6e33df45,934200.72
6e33df4a,1391833.11
6e33df4e,1446295.27
6e33df54,1372277.03
6e33df58,1204630.74
6e33df5c,912090.9
6e33df62,1331085.05
6e33df64,1516779.82
6e33df68,1322110.16
6e33df6d,1221143.24
6e33df72,1404697.14
6e33df77,1198874.59
6e33df7a,1140867.82
6e33df7e,1140026.74
6e33df82,1523722.71
6e33df85,1316072.62
6e33df88,1306807.37
6e33df8c,1519339.96
6e33df92,1247787.68
6e33df94,1269408.31
6e33df99,1371079.74
6e33df9c,1372784.71
6e33df9e,1494441.15
6e33dfa4,1224494.15
6e33dfa6,1245205.68
6e33dfab,1351688.45
6e33dfae,1475708.57
6e33dfb2,1341078.92
6e33dfb6,1480256.99
6e33dfb8,1454857.84
6e33dfba,1120425.46
6e33dfbc,1402600.33
6e33dfbe,1442382.09
6e33dfc4,1358127.62
6e33dfc9,1446650.41
6e33dfcc,837936.87
6e33dfd2,1300715.43
6e33dfd4,1447368.88
6e33dfd7,1319202.34
6e33dfdd,1141037.87
6e33dfe1,1281560.88
6e33dfe3,1094175.6
6e33dfe6,1575415.87
6e33dfeb,1333126.72
6e33dfee,937640.12
6e33dff4,1001785.29
6e33dffa,1212820.77
6e33e000,1430757.1
6e33e004,1329255.52
6e33e008,845833.9
6e33e00a,1154979.8
6e33e00f,1239593.91
6e33e014,1345626.01
6e33e019,1462091.17
6e33e01d,1303021.39
6e33e01f,1424401.19
6e33e023,1386483.86
6e33e027,1292761.69
6e33e02a,1288563.77
6e33e02c,1187541.39
6e33e032,1492703.51
6e33e034,1022720.15
6e33e038,1464411.97
6e33e03c,1441135.6
6e33e041,1209972.79
6e33e044,1509892.36
6e33e047,1197590.94
6e33e049,1581820.74
6e33e04c,1338998.27
6e33e04e,1295663.39
6e33e054,985769.68
6e33e057,1364709.33
6e33e05a,1443038.55
6e33e060,1289948.13
6e33e065,1209563.5
6e33e06a,1141298.17
6e33e06c,1421846.9
6e33e071,1551183.77
6e33e075,1464747.66
6e33e07a,1063074.53
6e33e07c,1225748.92
6e33e082,1208729.57
6e33e088,1409299.51
6e33e08d,1467753.23
6e33e093,1510364.95
6e33e097,1142372.29
6e33e09d,1232684.59
6e33e09f,1188433.41
6e33e0a4,1444501.93
6e33e0a9,1234268.55
6e33e0ad,852682.7
6e33e0af,1370382.14
6e33e0b2,1158421.12
6e33e0b6,1459096.49
6e33e0ba,969620.61
6e33e0bf,1270590.09
6e33e0c1,1279599.52
6e33e0c4,1248803.31
6e33e0c8,1116122.37
6e33e0cc,1536170.27
6e33e0d0,1331623.83
6e33e0d2,1353075.46
6e33e0d7,1427592.57
6e33e0dd,1356033.29
6e33e0e1,1570219.87
6e33e0e7,1300760.61
6e33e0ec,923903.42
6e33e0f0,1291762.01
6e33e0f6,1476976.63
6e33e0fb,1477104.38
6e33e0fd,1212483.29
6e33e100,926097.33
6e33e103,1091463.7
6e33e107,1267004.71
6e33e10b,1146340.12
6e33e10e,1388513.5
6e33e112,1358798.69
6e33e118,1451503.85
6e33e11b,1288888.28
6e33e121,1480518.41
6e33e127,1284667.03
6e33e12a,1245961.06
6e33e130,1461455.96
6e33e134,973547.33
6e33e13a,1409992.3
6e33e140,1125173.47
6e33e145,1271138.55
6e33e149,1180043.78
6e33e14b,1216922.94
6e33e14e,963442.95
6e33e150,1300400.54
6e33e156,1280009.15
6e33e158,1004191.49
6e33e15c,1583046.81
6e33e15f,1305804.39
6e33e162,1424305.06
6e33e164,1402941.92
6e33e166,1440791.58
6e33e16b,1066363.06
6e33e16f,1307142.94
6e33e174,1165648.53
6e33e179,1330792.42
6e33e17d,1122969.89
6e33e17f,1291207.1
6e33e182,1321300.26
6e33e184,1455114.97
6e33e187,1396488.27
6e33e189,1446233.08
6e33e18c,1362596.58
6e33e190,1304695.21
6e33e195,1227925.58
6e33e199,1530098.77
6e33e19b,1351550.05
6e33e1a1,1222465.63
6e33e1a3,1487442.76
6e33e1a6,1450822.85
6e33e1ac,1440366.79
6e33e1b1,1234368.39
6e33e1b3,1298457.28
6e33e1b8,1315072.72
6e33e1bb,833553.61
6e33e1bf,1235992.68
6e33e1c3,1372037.97
6e33e1c6,1408624.21
6e33e1c9,1463981.27
6e33e1cc,1484236.5
6e33e1d0,1497086.93
6e33e1d4,1454725.58
6e33e1d6,1308893.78
6e33e1dc,1389187.09
6e33e1e0,1143782.25
6e33e1e4,1155442.74
6e33e1e6,1198090.62
6e33e1e9,1400394.61
6e33e1eb,1204290.7
6e33e1f0,1429993.92
6e33e1f4,1055837.04
6e33e1f8,1242828.67
6e33e1fa,1397242.63
6e33e200,1141744.15
6e33e203,1418782.02
6e33e209,1517829.87
6e33e20c,1428002.22
6e33e20f,1178468.89
6e33e214,1395687.69
6e33e218,1254615.74
6e33e21b,1396135.51
6e33e221,1311630.08
6e33e223,1219971.85
6e33e229,1363370.61
6e33e22b,1344855.97
6e33e231,1460429.55
6e33e237,1285916.31
6e33e23a,916983.69
6e33e23f,1089552.89
6e33e241,1415690.21
6e33e247,1175662.2
6e33e24b,1298900.51
6e33e250,1358372.45
6e33e254,1034228.98
6e33e259,1549482.87
6e33e25e,1490847.05
6e33e262,1436725.33
6e33e267,1567459.91
6e33e26a,1324508.4
6e33e26d,1467169.8
6e33e270,1430426.74
6e33e275,1451746.85
6e33e278,793674.6
6e33e27e,1358199.46
6e33e284,1001005.47
6e33e28a,1310690.39
6e33e28c,1282052.3
6e33e292,1074965.4
6e33e297,1489711.13
6e33e299,1314515.67
6e33e29f,896030.68
6e33e2a1,1374514.71
6e33e2a7,1292110.52
6e33e2ad,1431202.73
6e33e2b1,930317.17
6e33e2b5,1012879.22
6e33e2ba,1363425.67
6e33e2be,1415702.35
6e33e2c0,1127298.39
6e33e2c6,1098390.43
6e33e2ca,1300846.6
6e33e2ce,1471119.82
6e33e2d1,1325818.55
6e33e2d3,1068692.34
6e33e2d5,1366581.96
6e33e2da,1357401.2
6e33e2dd,1179486.96
6e33e2e0,1189936.56
6e33e2e3,1321019.41
6e33e2e5,1061313.77
6e33e2ea,1420783.38
6e33e2f0,1309693.17
6e33e2f6,1404815.86
6e33e2f9,1094909.5
6e33e2fd,1284300.86
6e33e302,1508969.46
6e33e307,1478267.59
6e33e30b,1137890.8
6e33e310,1476576.68
6e33e314,1226039.85
6e33e319,1240400.0
6e33e31c,1424242.33
6e33e31e,1177828.99
6e33e324,1222566.07
6e33e329,1377044.21
6e33e32e,1569318.18
6e33e333,862574.47
6e33e338,1609378.38
6e33e33d,1387443.28
6e33e33f,1566312.99
6e33e342,1112383.0
6e33e344,1336077.08
6e33e347,949065.39
6e33e34c,1142793.15
6e33e352,1450129.48
6e33e357,1443669.92
6e33e35d,1222073.28
6e33e361,1100162.16
6e33e365,1558621.8
6e33e36b,1340174.3
6e33e36d,1548620.92
6e33e371,1318996.33
6e33e373,1479675.22
6e33e376,1470067.1
6e33e378,1349128.22
6e33e37c,1362766.54
6e33e37f,1369140.04
6e33e383,1203818.8
6e33e385,1263312.01
6e33e38a,1465577.9
6e33e38f,970576.1
6e33e391,1496043.25
6e33e395,1342254.85
6e33e39a,1091746.19
6e33e39c,1105391.25
6e33e3a1,1247598.48
6e33e3a5,1262705.04
6e33e3ab,1313304.87
6e33e3b1,1364060.44
6e33e3b3,1364590.31
6e33e3b9,1402165.84
6e33e3bf,1442829.21
6e33e3c1,1117717.34
6e33e3c7,1171113.02
6e33e3cc,1111176.88
6e33e3d2,1466792.37
6e33e3d8,1234470.06
6e33e3dd,998930.58
6e33e3e1,1232151.22
6e33e3e4,1294866.91
6e33e3e8,1133905.98
6e33e3ea,1372648.47
6e33e3ed,1588245.5
6e33e3ef,1340422.9
6e33e3f1,1503673.24
6e33e3f7,1361458.72
6e33e3fa,1168088.56
6e33e3ff,1421049.96
6e33e401,1244549.05
6e33e403,1226835.17
6e33e406,1456318.71
6e33e409,1413362.16
6e33e40f,1363146.35
6e33e411,1324956.64
6e33e415,1166841.84
6e33e41b,911497.97
6e33e41f,1064179.74
6e33e421,1068022.13
6e33e427,1024872.14
6e33e42b,1492359.28
6e33e42d,1084552.37
6e33e42f,1489646.21
6e33e431,1450154.37
6e33e433,1333468.9
6e33e437,1285898.59
6e33e43d,1381796.6
6e33e440,1537031.98
6e33e442,1399070.58
6e33e444,1104900.49
6e33e447,1328695.9
6e33e44d,1438314.8
6e33e44f,1274310.82
6e33e453,1387640.01
6e33e458,1214323.2
6e33e45d,1079362.88
6e33e462,1368089.68
6e33e464,1431900.92
6e33e467,1387140.89
6e33e46c,1269329.8
6e33e46f,1447434.09
6e33e473,1229460.11
6e33e476,1275391.64
6e33e47a,1047441.55
6e33e47f,955313.51
6e33e485,1413035.66
6e33e48a,1449317.77
6e33e48d,1475121.65
6e33e48f,1347862.9
6e33e492,1452604.69
6e33e497,1466983.99
6e33e49d,1088673.37
6e33e4a1,1569612.41
6e33e4a6,1495388.96
6e33e4a9,1095881.02
6e33e4ad,1348053.47
6e33e4b1,1416138.58
6e33e4b3,1381399.76
6e33e4b5,1383227.87
6e33e4b9,1247909.03
6e33e4be,1507969.55
6e33e4c3,1632898.68
6e33e4c8,1169569.82
6e33e4cd,1212050.29
6e33e4cf,1475282.79
6e33e4d1,1091977.32
6e33e4d4,1026091.95
6e33e4d7,1506695.74
6e33e4d9,1510005.95
6e33e4db,1325823.1
6e33e4e1,1281888.68
6e33e4e3,1298596.75
6e33e4e9,1232416.09
6e33e4ef,1513253.9
6e33e4f5,1221705.44
6e33e4fb,1271802.53
6e33e4ff,1364731.51
6e33e501,785947.01
6e33e505,1490148.39
6e33e50b,1448977.38
6e33e50e,1314631.19
6e33e511,1567466.11
6e33e516,1455641.47
6e33e51a,1597722.96
6e33e520,1301264.88
6e33e526,1258670.24
6e33e528,1343937.27
6e33e52e,1273226.72
6e33e533,1158104.17
6e33e535,1367006.19
6e33e53b,1523246.16
6e33e53e,1359954.47
6e33e540,1505157.57
6e33e542,1073234.67
6e33e547,1427833.69
6e33e549,1008913.05
6e33e54d,986610.34
6e33e553,1162451.1
6e33e558,1500735.94
6e33e55e,1404943.1
6e33e563,1373427.93
6e33e568,1129467.94
6e33e56a,1240658.7
6e33e56c,1293747.12
6e33e56e,1156694.24
6e33e573,1016797.58
6e33e579,1374458.19
6e33e57b,1302101.92
6e33e581,943417.77
6e33e583,1591590.24
6e33e587,1202629.37
6e33e589,1211062.41
6e33e58c,1494413.54
6e33e591,1133237.64
6e33e596,1598391.47
6e33e59b,1262401.45
6e33e59e,1417505.59
6e33e5a2,1416243.44
6e33e5a8,1368233.26
6e33e5aa,1477274.36
6e33e5ad,1087004.5
6e33e5b3,1542285.54
6e33e5b8,1443579.98
6e33e5bd,1161619.05
6e33e5c2,1485177.42
6e33e5c4,1277930.26
6e33e5c9,1327630.1
6e33e5cf,1027454.94
6e33e5d3,1382393.85
6e33e5d8,1206154.13
6e33e5db,1232166.56
6e33e5de,1394329.25
6e33e5e3,1432752.39
6e33e5e8,1084087.73
6e33e5ee,1541626.22
6e33e5f4,1011373.5
6e33e5f9,1287271.35
6e33e5fc,1177896.82
6e33e602,1450636.85
6e33e606,1177027.8
6e33e60c,1305108.14
6e33e60f,1199968.87
6e33e612,1501764.79
6e33e618,1258863.81
6e33e61c,1573098.79
6e33e622,1468222.6
6e33e628,1150289.62
6e33e62d,1522811.72
6e33e632,1215377.61
6e33e634,1473200.08
6e33e638,1343711.62
6e33e63b,1184780.81
6e33e640,1530347.96
6e33e644,1457711.66
6e33e649,1236354.77
6e33e64e,852343.86
6e33e650,1382147.16
6e33e655,1405917.86
6e33e659,1550793.58
6e33e65d,1389921.38
6e33e662,1445397.4
6e33e667,1496080.16
6e33e66a,1252813.8
6e33e670,1303434.1
6e33e673,1205524.99
6e33e675,1395500.67
6e33e678,1201044.72
6e33e67d,1361739.32
6e33e681,1517659.84
6e33e684,1575707.07
6e33e688,1489278.68
6e33e68e,1178241.61
6e33e694,1407683.65
6e33e696,1081792.08
6e33e699,1123544.09
6e33e69f,1559011.09
6e33e6a1,1485519.63
6e33e6a4,1380010.51
6e33e6a6,1510630.02
6e33e6a9,1438762.81
6e33e6ad,1122800.49
6e33e6b3,1642651.24
6e33e6b7,1399935.0
6e33e6bb,1513636.24
6e33e6c0,981359.45
6e33e6c4,1404093.19
6e33e6c6,1521571.97
6e33e6c9,1333931.88
6e33e6ce,1187449.51
6e33e6d3,1490309.56
6e33e6d5,1074654.49
6e33e6d7,1135317.08
6e33e6d9,1302953.46
6e33e6dd,1517389.92
6e33e6df,1383817.99
6e33e6e3,1211105.43
6e33e6e8,1463758.67
6e33e6ed,1353403.34
6e33e6f2,1355735.68
6e33e6f8,1475106.92
6e33e6fd,1303561.27
6e33e702,1487484.57
6e33e708,945217.81
6e33e70d,1186234.3
6e33e710,1462331.35
6e33e714,1195850.91
6e33e71a,1326919.27
6e33e71c,1464514.88
6e33e71e,1268178.32
6e33e720,1216914.27
6e33e723,954251.03
6e33e729,957160.64
6e33e72e,1557143.15
6e33e732,1429613.39
6e33e736,1092634.91
6e33e73b,1462115.5
6e33e73f,1095774.25
6e33e741,1297410.78
6e33e743,1050742.88
6e33e749,1341603.02
6e33e74e,911117.96
6e33e752,1482991.21
6e33e754,1300195.26
6e33e758,1347602.59
6e33e75c,1514064.35
6e33e760,1300475.45
6e33e764,979705.91
6e33e769,1197863.19
6e33e76d,1648839.4
6e33e773,1090497.01
6e33e777,922859.23
6e33e77d,1097325.21
6e33e782,1238616.15
6e33e786,1137363.44
6e33e78a,1458683.01
6e33e790,1444965.54
6e33e795,1419257.99
6e33e799,1315506.03
6e33e79c,1074995.98
6e33e7a1,1408218.53
6e33e7a4,1475027.84
6e33e7a7,958576.78
6e33e7aa,1354008.39
6e33e7ae,1330809.39
6e33e7b3,1474505.88
6e33e7b6,1524240.46
6e33e7b8,1270184.23
6e33e7ba,1184803.58
6e33e7be,927189.64
6e33e7c1,1384448.73
6e33e7c5,1162173.21
6e33e7cb,1468109.28
6e33e7cf,1005514.69
6e33e7d2,1131710.41
6e33e7d6,1004631.75
6e33e7d8,890550.11
6e33e7db,1287173.91
6e33e7de,1389142.01
6e33e7e3,1047670.77
6e33e7e7,1334447.93
6e33e7e9,985909.39
6e33e7ee,989208.38
6e33e7f3,1204793.37
6e33e7f8,1269862.23
6e33e7fd,1444589.9
6e33e803,1423296.51
6e33e809,1474455.01
6e33e80b,1545921.15
6e33e80d,1136199.36
6e33e812,1367014.71
6e33e814,1377759.04
6e33e81a,1435040.57
6e33e81f,1307493.51
6e33e824,1407295.33
6e33e826,1490180.21
6e33e82c,1285093.69
6e33e831,1225233.18
6e33e835,1416955.49
6e33e838,1272687.08
6e33e83d,1380596.05
6e33e841,1497218.18
6e33e845,1519291.61
6e33e849,1459854.59
6e33e84f,1369719.8
6e33e855,1192099.14
6e33e859,1287170.16
6e33e85f,1402257.15
6e33e862,956995.33
6e33e865,988238.11
6e33e868,1119535.42
6e33e86c,1346010.97
6e33e872,1314531.85
6e33e874,1245368.21
6e33e877,1212886.87
6e33e87d,856691.37
6e33e882,1396572.37
6e33e886,1263781.58
6e33e88a,1491608.87
6e33e88c,1508226.2
6e33e88e,1220245.94
6e33e893,1354429.47
6e33e898,1105097.93
6e33e89a,1210687.36
6e33e89d,1285869.1
6e33e89f,1468288.23
6e33e8a4,1425785.97
6e33e8a8,1235063.49
6e33e8ae,1317221.46
6e33e8b0,1128481.66
6e33e8b2,1317257.16
6e33e8b6,1336110.32
6e33e8b8,1302024.11
6e33e8bd,1365474.48
6e33e8bf,1315466.65
6e33e8c3,1313397.45
6e33e8c8,1526990.54
6e33e8cb,1287395.62
6e33e8d0,1390347.3
6e33e8d3,1177679.5
6e33e8d7,1407005.67
6e33e8dd,1196250.07
6e33e8df,1453785.2
6e33e8e3,1102270.97
6e33e8e9,1500273.22
6e33e8ec,1444441.87
6e33e8f0,1429979.17
6e33e8f3,884568.73
6e33e8f5,1454419.39
6e33e8f9,1248778.29
6e33e8ff,1547902.56
6e33e904,1397131.22
6e33e906,1309057.0
6e33e90c,1403060.36
6e33e911,964156.49
6e33e916,1342183.95
6e33e919,1436886.2
6e33e91f,1384989.37
6e33e925,1353990.3
6e33e928,1207833.02
6e33e92e,1658315.58
6e33e932,977201.99
6e33e934,974948.02
6e33e939,1139040.23
6e33e93d,1464024.59
6e33e942,1217185.55
6e33e947,1382096.32
6e33e94c,1044249.74
6e33e952,1634598.04
6e33e957,1329270.26
6e33e959,1184176.78
6e33e95f,1315977.1
6e33e963,1445347.71
6e33e967,844824.13
6e33e96a,1175824.8
6e33e96e,1336644.08
6e33e973,1336030.88
6e33e977,1236369.6
6e33e97c,1294883.86
6e33e982,1554923.0
6e33e988,1455223.55
6e33e98e,975557.32
6e33e991,1592063.82
6e33e996,1540350.34
6e33e998,1210066.31
6e33e99b,1478903.65
6e33e9a0,1555133.16
6e33e9a6,1180521.45
6e33e9aa,1282267.1
6e33e9af,1114771.9
6e33e9b2,1523743.32
6e33e9b8,1346058.15
6e33e9bd,1609459.97
6e33e9c3,1237570.13
6e33e9c6,1212313.2
6e33e9cc,1228949.55
6e33e9d2,1224594.43
6e33e9d8,1450165.63
6e33e9db,1465356.99
6e33e9de,1288972.21
6e33e9e2,1442793.98
6e33e9e5,1376228.66
6e33e9ea,1170029.51
6e33e9ee,1397482.56
6e33e9f3,1243844.29
6e33e9f7,1394186.9
6e33e9fd,1310586.84
6e33ea03,1352091.77
6e33ea09,1497761.43
6e33ea0b,1270184.72
6e33ea0f,967384.51
6e33ea15,1347599.55
6e33ea1b,1346693.91
6e33ea21,1456226.87
6e33ea25,1370100.68
6e33ea29,1253574.76
6e33ea2d,926758.41
6e33ea2f,1219255.13
6e33ea32,1619736.27
6e33ea37,1091705.39
6e33ea3d,1065406.14
6e33ea42,1290346.26
6e33ea47,911604.65
6e33ea4a,1557519.35
6e33ea4d,1000379.91
6e33ea4f,1242370.25
6e33ea53,1242420.83
6e33ea59,1350115.82
6e33ea5d,1549653.63
6e33ea63,1285899.04
6e33ea69,1444086.99
6e33ea6c,1425638.36
6e33ea6e,1226777.87
6e33ea72,1467341.75
6e33ea75,1296849.85
6e33ea78,1557819.44
6e33ea7a,1298071.58
6e33ea7c,1531678.41
6e33ea7e,1114898.55
6e33ea84,1244973.25
6e33ea87,1221211.49
6e33ea89,1498435.85
6e33ea8c,1218014.24
6e33ea8f,1076134.99
6e33ea94,1012446.45
6e33ea97,1378088.77
6e33ea9d,1250733.66
6e33ea9f,1442350.12
6e33eaa1,1486099.72
6e33eaa3,1267490.39
6e33eaa9,1574072.56
6e33eaae,1161573.26
6e33eab0,1416568.44
6e33eab3,1291717.78
6e33eab6,1284753.26
6e33eabb,1335340.0
6e33eabe,1269775.67
6e33eac3,1383264.61
6e33eac6,1434038.39
6e33eacb,1437882.02
6e33eacd,1063450.48
6e33ead0,1389641.79
6e33ead6,1058669.41
6e33eada,977271.43
6e33eade,1403552.23
6e33eae0,1364939.59
6e33eae5,1519355.3
6e33eae7,1332236.06
6e33eaec,1425644.07
6e33eaef,1389115.97
6e33eaf5,1578101.28
6e33eafa,1448256.37
6e33eaff,1450112.04
6e33eb01,1489443.81
6e33eb06,1293674.52
6e33eb08,1429130.26
6e33eb0e,978407.71
6e33eb10,1126591.57
6e33eb16,1243978.74
6e33eb1b,1311382.52
6e33eb1d,1194000.93
6e33eb20,1301504.83
6e33eb22,1420266.64
6e33eb28,1534216.22
6e33eb2c,1487169.06
6e33eb31,1330954.66
6e33eb37,1370145.82
6e33eb3c,1214567.32
6e33eb42,1392851.92
6e33eb44,883823.43
6e33eb4a,1551043.99
6e33eb4d,1272897.33
6e33eb4f,1413710.17
6e33eb52,826224.03
6e33eb56,1289881.91
6e33eb58,1499965.13
6e33eb5d,1525647.85
6e33eb63,1492697.41
6e33eb66,1372650.26
6e33eb68,1510664.11
6e33eb6c,1060615.03
6e33eb6e,1388289.46
6e33eb73,1597852.1
6e33eb79,1491629.51
6e33eb7b,1151366.31
6e33eb7d,872531.21
6e33eb82,1445881.94
6e33eb84,1544484.39
6e33eb88,1306937.32
6e33eb8a,1387895.77
6e33eb8d,1189559.91
6e33eb91,1507295.48
6e33eb96,1354287.65
6e33eb98,1364145.84
6e33eb9b,931118.31
6e33eba1,891388.51
6e33eba3,1268500.0
6e33eba9,1091435.72
6e33ebae,1176169.55
6e33ebb3,1457459.51
6e33ebb5,1313591.04
6e33ebb7,1194531.79
6e33ebb9,1328492.98
6e33ebbe,1448422.29
6e33ebc0,1329187.16
6e33ebc3,1508596.71
6e33ebc7,1418389.23
6e33ebcb,1301329.76
6e33ebd0,1462883.75
6e33ebd2,1393020.43
6e33ebd6,1374624.51
6e33ebdb,1445535.33
6e33ebe1,1082685.04
6e33ebe3,1222804.71
6e33ebe6,751549.56
6e33ebe9,1313414.26
6e33ebef,1140786.23
6e33ebf5,1359479.6
6e33ebf8,1611852.3
6e33ebfd,1112955.87
6e33ec01,1376131.2
6e33ec04,1119708.93
6e33ec06,1208852.73
6e33ec0b,1250518.71
6e33ec0d,1328131.38
6e33ec12,1252046.18
6e33ec16,1490032.4
6e33ec19,1406502.41
6e33ec1f,1406150.84
6e33ec25,1501442.52
6e33ec2b,876316.7
6e33ec2f,1043068.27
6e33ec35,1390041.23
6e33ec39,1139426.06
6e33ec3d,1553215.35
6e33ec43,989265.39
6e33ec49,1009792.41
6e33ec4e,1136428.48
6e33ec52,1442827.42
6e33ec54,1426228.25
6e33ec59,1513175.91
6e33ec5c,1277201.8
6e33ec5e,1411841.7
6e33ec61,1466734.03
6e33ec63,1380131.23
6e33ec69,1254347.9
6e33ec6b,1287616.84
6e33ec6e,1403047.32
6e33ec71,1355584.97
6e33ec73,1246809.06
6e33ec79,1260188.53
6e33ec7d,1361461.18
6e33ec81,1349932.23
6e33ec85,1405952.82
6e33ec87,1164001.09
6e33ec89,1389433.59
6e33ec8d,1417647.9
6e33ec92,1019938.66
6e33ec96,1320664.98
6e33ec9c,1033286.34
6e33eca1,1255292.69
6e33eca3,1355904.73
6e33eca6,1412408.33
6e33ecaa,1342653.77
6e33ecac,1352207.62
6e33ecaf,1154383.11
6e33ecb5,1170547.03
6e33ecb8,1480771.59
6e33ecbd,1210528.85
6e33ecc1,1289675.68
6e33ecc7,1026985.0
6e33eccd,1367062.3
6e33ecd0,1448025.79
6e33ecd6,1430072.74
6e33ecdb,1346149.34
6e33ecde,1512183.51
6e33ece1,1419067.29
6e33ece3,1392928.25
6e33ece7,1142930.8
6e33ecea,1416746.52
6e33ecec,1269765.87
6e33ecf2,1531530.65
6e33ecf7,1393797.77
6e33ecfd,1342639.58
6e33ecff,1582712.17
6e33ed04,1314901.68
6e33ed07,1192216.75
6e33ed0a,1398364.95
6e33ed0f,1411258.43
6e33ed14,1237669.17
6e33ed19,1300748.49
6e33ed1d,1062464.3
6e33ed1f,1542436.75
6e33ed21,1158564.02
6e33ed26,1374239.81
6e33ed2c,1399186.47
6e33ed32,1406763.51
6e33ed35,1135108.01
6e33ed38,1497851.21
6e33ed3d,1466095.78
6e33ed40,1206020.64
6e33ed42,1381487.94
6e33ed48,1090864.92
6e33ed4d,958080.77
6e33ed52,1252382.76
6e33ed55,1121789.14
6e33ed58,1523838.54
6e33ed5a,1402038.38
6e33ed5e,1268936.65
6e33ed64,1446671.99
6e33ed66,1435883.71
6e33ed69,1492425.13
6e33ed6b,1451288.68
6e33ed6d,1321776.89
6e33ed71,1551523.91
6e33ed75,1501013.14
6e33ed7a,1301803.7
6e33ed7e,1155772.83
6e33ed80,1113001.23
6e33ed83,1380782.91
6e33ed85,1273294.69
6e33ed89,1432958.73
6e33ed8c,1406962.65
6e33ed8e,1502061.52
6e33ed91,1496205.52
6e33ed93,1228123.74
6e33ed99,1204813.21
6e33ed9b,830815.86
6e33eda1,1471953.98
6e33eda3,1275304.21
6e33eda6,1326083.0
6e33edab,1393570.66
6e33edb0,1421162.33
6e33edb4,1433564.66
6e33edb6,1346202.54
6e33edb8,1405359.73
6e33edbc,1399491.31
6e33edc1,1029431.91
6e33edc6,1442266.72
6e33edc9,1377249.74
6e33edcf,1354479.35
6e33edd3,1022579.72
6e33edd5,1429461.88
6e33edd8,1484026.38
6e33eddb,1419700.64
6e33edde,1234549.94
6e33ede0,1165137.26
6e33ede6,1197485.12
6e33ede8,1266263.05
6e33edee,1418912.87
6e33edf0,953343.06
6e33edf5,1516021.1
6e33edf9,1420883.77
6e33edfb,1274265.94
6e33edfd,1107648.07
6e33ee00,1514664.31
6e33ee05,965475.66
6e33ee0b,1336822.3
6e33ee0d,1229480.19
6e33ee13,1267284.86
6e33ee17,1225756.64
6e33ee1d,1257262.51
6e33ee20,1243931.18
6e33ee23,890260.9
6e33ee25,1300649.3
6e33ee2a,1511550.82
6e33ee2d,1379689.08
6e33ee2f,1465886.53
6e33ee34,1169294.73
6e33ee37,1370571.74
6e33ee3b,1417150.54
6e33ee3d,1512425.11
6e33ee3f,1140621.72
6e33ee41,1329059.16
6e33ee47,1564782.87
6e33ee4a,1269442.19
6e33ee4c,1426968.16
6e33ee51,1222871.91
6e33ee54,1232980.78
6e33ee59,1324832.02
6e33ee5b,1420240.92
6e33ee61,1377691.79
6e33ee66,1429091.99
6e33ee6b,1408787.9
6e33ee70,1372756.73
6e33ee74,1469553.69
6e33ee77,976723.26
6e33ee7c,1452116.3
6e33ee7f,1256291.67
6e33ee84,1500732.65
6e33ee88,1337957.37
6e33ee8d,1329551.56
6e33ee93,1149538.52
6e33ee97,1057341.44
6e33ee9a,1458658.93
6e33ee9c,1428253.25
6e33ee9f,1121656.25
6e33eea3,1490393.8
6e33eea6,1564936.0
6e33eeab,1180375.7
6e33eeaf,1504391.35
6e33eeb3,1059952.79
6e33eeb5,1367666.96
6e33eeb7,1587003.73
6e33eeba,1209701.75
6e33eec0,1515698.17
6e33eec2,1492461.72
6e33eec6,1468899.43
6e33eecc,1169609.26
6e33eed2,1408218.33
6e33eed7,1385871.26
6e33eedb,910167.47
6e33eee1,1393321.34
6e33eee6,877533.5
6e33eeec,1050503.34
6e33eef0,1301754.0
6e33eef6,1456530.78
6e33eefb,1454495.11
6e33ef00,1438217.4
6e33ef05,1277676.24
6e33ef0b,1286269.32
6e33ef10,1184582.46
6e33ef16,1300226.41
6e33ef1a,1459204.72
6e33ef1f,1140412.49
6e33ef21,1457460.9
6e33ef23,1369250.55
6e33ef29,1433932.56
6e33ef2d,1462361.01
6e33ef33,1062740.66
6e33ef35,1365857.42
6e33ef3a,1026760.02
6e33ef3f,1099517.61
6e33ef43,1329950.13
6e33ef47,1357675.05
6e33ef4d,992767.31
6e33ef50,1374132.87
6e33ef53,1384787.87
6e33ef55,1278215.37
6e33ef59,1399531.29
6e33ef5b,1290420.6
6e33ef5f,1385734.11
6e33ef63,1338931.81
6e33ef69,1281561.69
6e33ef6c,1409188.48
6e33ef71,1335758.48
6e33ef75,1216830.42
6e33ef79,1541099.93
6e33ef7b,1473873.78
6e33ef80,1354684.3
6e33ef85,1303029.71
6e33ef8a,1252305.82
6e33ef8c,1140318.97
6e33ef90,1420963.53
6e33ef93,1485072.08
6e33ef98,993980.98
6e33ef9e,1463788.16
6e33efa1,1521014.1
6e33efa7,1415227.84
6e33efa9,932430.32
6e33efad,1451505.99
6e33efb1,1267756.94
6e33efb6,1327653.08
6e33efbc,1317740.58
6e33efbe,1211625.53
6e33efc1,1041928.92
6e33efc7,1299807.29
6e33efcc,1087949.06
6e33efcf,1106542.22
6e33efd4,1321768.04
6e33efd9,1523993.13
6e33efdd,1512122.69
6e33efdf,1321556.16
6e33efe3,1181275.03
6e33efe5,1499722.46
6e33efe7,1426315.44
6e33efea,1303589.82
6e33efec,1246945.7
6e33efee,1126138.06
6e33eff3,1409297.2
6e33eff8,1279104.07
6e33effd,1336195.72
6e33f002,1342523.62
6e33f005,1570534.1
6e33f00a,1258546.07
6e33f010,1414255.52
6e33f016,1270691.05
6e33f01a,1021761.93
6e33f01e,1345311.91
6e33f020,1267131.42
6e33f026,1506354.42
6e33f028,1072923.7
6e33f02d,1298024.0
6e33f032,1426374.27
6e33f034,1551636.07
6e33f03a,1454928.86
6e33f040,1400048.11
6e33f043,1506794.15
6e33f048,1431697.37
6e33f04b,1459841.34
6e33f04f,1102608.67
6e33f054,1618647.51
6e33f057,1301408.2
6e33f05c,1592251.89
6e33f062,1588470.87
6e33f067,1309061.24
6e33f06c,1382138.53
6e33f070,1131694.79
6e33f074,1525795.49
6e33f077,1414157.58
6e33f079,1401471.51
6e33f07d,1518585.48
6e33f082,1091179.68
6e33f084,922793.78
6e33f089,1178132.5
6e33f08d,1215519.84
6e33f08f,1096345.93
6e33f095,1156229.38
6e33f09a,1291849.22
6e33f09d,1216090.72
6e33f0a0,1278150.88
6e33f0a2,1364925.82
6e33f0a5,1312581.74
6e33f0aa,1050135.35
6e33f0ae,1415869.17
6e33f0b1,1280476.28
6e33f0b6,1467221.57
6e33f0b8,1519841.87
6e33f0bd,1018492.14
6e33f0c2,1389591.24
6e33f0c6,1278772.27
6e33f0cc,1217962.58
6e33f0d2,1315330.84
6e33f0d4,1288562.66
6e33f0d8,1151992.83
6e33f0de,1439998.69
6e33f0e3,1579496.9
6e33f0e6,1496089.57
6e33f0e8,1092638.72
6e33f0ed,1429346.04
6e33f0f2,1322808.02
6e33f0f6,980174.77
6e33f0fc,1197700.8
6e33f102,1254249.34
6e33f108,1339826.54
6e33f10d,1432636.1
6e33f113,1341731.39
6e33f116,1487488.04
6e33f11c,1515123.57
6e33f122,1190158.97
6e33f125,995117.34
6e33f12a,1552180.86
6e33f12d,1274684.5
6e33f133,1167392.23
6e33f135,1191734.33
6e33f13a,1249507.13
6e33f13c,1570961.07
6e33f13f,1490409.2
6e33f144,1543251.83
6e33f146,1030745.26
6e33f14c,1287281.91
6e33f14e,1426173.19
6e33f153,1089724.54
6e33f155,1407170.56
6e33f15b,1352636.8
6e33f160,1082973.7
6e33f166,1502801.32
6e33f16c,1400598.06
6e33f16e,1267552.76
6e33f172,1041327.38
6e33f175,1239459.63
6e33f17b,1239144.98
6e33f17e,1154974.84
6e33f184,1381229.93
6e33f188,1537133.8
6e33f18b,1482324.54
6e33f18d,1167958.41
6e33f192,1319693.23
6e33f197,1170283.76
6e33f19c,832066.06
6e33f19e,1253137.19
6e33f1a3,1487691.57
6e33f1a9,1234341.87
6e33f1ab,1360292.23
6e33f1ad,1425481.24
6e33f1af,1347297.3
6e33f1b4,1079234.38
6e33f1ba,1240533.55
6e33f1bd,1180702.78
6e33f1c2,1241102.43
6e33f1c4,1474535.41
6e33f1c9,1123334.74
6e33f1cf,1342335.04
6e33f1d5,1507461.59
6e33f1da,1266682.0
6e33f1de,1405713.89
6e33f1e1,1310198.64
6e33f1e6,1148460.58
6e33f1ea,1340854.27
6e33f1ee,1252278.91
6e33f1f0,968039.29
6e33f1f6,1283380.06
6e33f1f8,1188570.52
6e33f1fc,1169238.43
6e33f202,1290963.04
6e33f208,1362121.64
6e33f20d,1260710.47
6e33f212,1455432.07
6e33f215,1223168.57
6e33f218,1438711.92
6e33f21c,1463980.23
6e33f21e,1505016.09
6e33f222,1408567.44
6e33f225,1589322.12
6e33f227,1494259.95
6e33f22c,1432784.07
6e33f22f,1641621.19
6e33f233,1284477.28
6e33f239,1203465.71
6e33f23e,1186504.67
6e33f242,1170164.73
6e33f245,1534046.38
6e33f247,1251380.12
6e33f24d,1422738.38
6e33f253,1158653.21
6e33f255,1511215.47
6e33f25a,1168066.54
6e33f25f,1434953.79
6e33f263,1509919.85
6e33f269,1242824.41
6e33f26b,935108.02
6e33f271,1267042.12
6e33f273,1489167.89
6e33f277,1110697.73
6e33f27d,1520225.29
6e33f283,1149770.6
6e33f288,1205996.11
6e33f28b,917087.43
6e33f290,1450317.34
6e33f296,1376822.36
6e33f29c,1432316.76
6e33f29f,1467481.17
6e33f2a4,1368659.32
6e33f2a7,1256255.54
6e33f2ad,1074179.0
6e33f2b0,1234031.32
6e33f2b3,1503935.51
6e33f2b9,1026996.36
6e33f2bb,1423870.99
6e33f2bd,1293021.99
6e33f2c0,1415418.37
6e33f2c2,1344416.99
6e33f2c7,1084273.66
6e33f2cc,1139873.76
6e33f2d2,1501773.97
6e33f2d6,1101338.51
6e33f2dc,1249636.69
6e33f2e0,1293679.05
6e33f2e4,1438152.65
6e33f2e7,1486566.2
6e33f2e9,1450845.56
6e33f2ef,1241690.21
6e33f2f4,1438229.64
6e33f2f7,1267913.59
6e33f2fa,1474736.92
6e33f2fc,980117.52
6e33f302,1214580.13
6e33f304,1493812.82
6e33f307,1475158.69
6e33f30d,1433007.14
6e33f311,1349460.81
6e33f315,1416551.63
6e33f318,1339953.79
6e33f31b,1494405.35
6e33f321,1472778.91
6e33f327,1423405.11
6e33f32d,1430886.02
6e33f332,1465481.94
6e33f334,1329820.88
6e33f338,1345437.68
6e33f33d,1256688.13
6e33f341,1586574.27
6e33f346,1585512.56
6e33f348,1427788.08
6e33f34e,1367850.0
6e33f351,1077457.46
6e33f354,1371528.39
6e33f356,1164730.27
6e33f35c,1260427.48
6e33f35f,1517347.97
6e33f361,1102838.58
6e33f366,1322589.86
6e33f36c,1482561.31
6e33f370,1358545.13
6e33f374,1225642.66
6e33f379,1433470.5
6e33f37c,1318667.9
6e33f37f,1330733.66
6e33f385,1009396.25
6e33f38a,1518854.3
6e33f38c,1363203.51
6e33f391,1376084.26
6e33f396,1411497.43
6e33f39c,1325966.97
6e33f3a1,1018533.01
6e33f3a6,1393280.7
6e33f3a8,1253537.39
6e33f3ac,1515662.34
6e33f3b0,1448056.79
6e33f3b2,1396928.97
6e33f3b6,1493910.45
6e33f3b8,1472331.72
6e33f3bb,1122077.25
6e33f3bd,1336676.86
6e33f3c0,1358435.47
6e33f3c4,1098889.17
6e33f3c9,1341790.96
6e33f3cb,1132362.51
6e33f3ce,1116298.44
6e33f3d2,1186406.95
6e33f3d6,1031980.85
6e33f3db,1293083.12
6e33f3dd,1068227.82
6e33f3e1,1403802.27
6e33f3e3,1464066.35
6e33f3e5,1264830.35
6e33f3eb,1158027.4
6e33f3ef,1571244.61
6e33f3f1,1400536.86
6e33f3f3,1148307.98
6e33f3f9,1513681.71
6e33f3fc,1184985.19
6e33f3ff,1584975.9
6e33f404,1188256.37
6e33f407,1399688.96
6e33f40b,1577175.18
6e33f411,983260.23
6e33f414,1495330.51
6e33f41a,909526.71
6e33f41c,1028536.7
6e33f421,1089744.64
6e33f425,1288710.02
6e33f427,1208575.38
6e33f42c,1596924.87
6e33f42e,1465238.96
6e33f431,1235090.73
6e33f437,1314637.73
6e33f43a,1337721.65
6e33f440,1381409.32
6e33f442,1076003.24
6e33f445,1124703.83
6e33f44b,1410463.1
6e33f44e,1487021.34
6e33f451,1312356.79
6e33f456,1492715.15
6e33f459,1400931.9
6e33f45f,1458315.36
6e33f461,1363722.65
6e33f463,1446100.37
6e33f465,1252901.76
6e33f468,1315382.26
6e33f46e,1194488.49
6e33f470,1331208.4
6e33f473,1454450.03
6e33f476,1479995.28
6e33f479,1418921.35
6e33f47b,1167447.5
6e33f47d,1406323.33
6e33f481,1424967.2
6e33f483,1292650.19
6e33f485,1278399.94
6e33f48a,1139281.2
6e33f48d,1199149.47
6e33f490,1427619.46
6e33f496,1427049.92
6e33f49c,1202195.7
6e33f49e,1404290.27
6e33f4a0,1564092.17
6e33f4a5,1133845.39
6e33f4a8,1430065.83
6e33f4ae,1026939.92
6e33f4b3,1116936.94
6e33f4b9,1483797.46
6e33f4bd,1304520.4
6e33f4bf,826464.0
6e33f4c3,1290898.0
6e33f4c7,1365412.05
6e33f4ca,999159.53
6e33f4cc,1329392.58
6e33f4d0,1255378.41
6e33f4d3,1606212.71
6e33f4d5,947683.95
6e33f4da,1237483.51
6e33f4dc,1471143.57
6e33f4de,1229125.38
6e33f4e4,1030477.94
6e33f4ea,1499645.21
6e33f4ec,1431166.33
6e33f4f2,1276151.08
6e33f4f8,1305881.61
6e33f4fc,1239172.68
6e33f502,1052238.49
6e33f508,1264703.4
6e33f50b,1313774.75
6e33f511,1213617.16
6e33f517,1291330.78
6e33f51b,1252518.3
6e33f51f,1450969.31
6e33f524,1193646.45
6e33f527,1196746.84
6e33f52a,1433704.62
6e33f52c,1478627.62
6e33f531,1153634.32
6e33f537,1235735.35
6e33f53c,1393775.15
6e33f53f,1292633.59
6e33f541,1290802.56
6e33f543,1383441.68
6e33f547,1366318.88
6e33f54c,1558419.31
6e33f550,1437662.09
6e33f552,1404214.14
6e33f556,1421931.71
6e33f55c,1472709.79
6e33f560,1524195.2
6e33f563,1138414.74
6e33f565,1342679.76
6e33f56b,1525020.35
6e33f56e,1338176.54
6e33f570,1240464.22
6e33f574,1547283.73
6e33f579,1166027.88
6e33f57f,1291937.17
6e33f581,1372407.71
6e33f587,1158320.12
6e33f58d,1450802.03
6e33f593,1207959.41
6e33f599,1451468.23
6e33f59b,1173730.21
6e33f59e,1121539.89
6e33f5a4,1555262.03
6e33f5a8,1212700.61
6e33f5ac,1235259.25
6e33f5b1,1478792.36
6e33f5b5,1519818.25
6e33f5b8,1274408.3
6e33f5be,1072309.82
6e33f5c3,936171.19
6e33f5c8,1513279.5
6e33f5cd,1232650.9
6e33f5d1,1299282.64
6e33f5d4,1305715.13
6e33f5d7,1503153.16
6e33f5d9,1284067.68
6e33f5de,1347004.36
6e33f5e0,1350226.09
6e33f5e5,1356992.49
6e33f5e7,1420961.83
6e33f5eb,1274849.17
6e33f5f1,1404540.69
6e33f5f6,1400975.56
6e33f5fc,1462844.04
6e33f5ff,1079272.05
6e33f601,1513367.39
6e33f606,1249015.66
6e33f608,1375341.02
6e33f60e,910257.44
6e33f612,1198338.43
6e33f615,1342931.8
6e33f61b,1376437.62
6e33f61d,1081865.79
6e33f620,1085340.21
6e33f625,1223886.23
6e33f628,1228329.38
6e33f62b,1409832.86
6e33f62d,1169360.68
6e33f630,1587809.74
6e33f636,1228117.97
6e33f63a,1272649.47
6e33f63c,1412064.21
6e33f63e,1389006.76
6e33f640,1275950.02
6e33f642,1474602.08
6e33f648,1256440.23
6e33f64a,1139831.42
6e33f64d,1506878.48
6e33f651,1305479.52
6e33f655,1238904.16
6e33f659,1299866.04
6e33f65c,1456057.53
6e33f662,1361591.34
6e33f664,1478528.78
6e33f666,1419652.65
6e33f669,1273856.18
6e33f66c,1235743.0
6e33f670,1026694.28
6e33f674,1359637.84
6e33f679,1491485.11
6e33f67c,1480608.47
6e33f67e,1167525.09
6e33f681,1468870.66
6e33f684,1500331.4
6e33f689,1267213.1
6e33f68f,1491485.25
6e33f691,1378316.11
6e33f693,1267737.6
6e33f699,1153828.61
6e33f69c,1400256.18
6e33f6a0,1047160.23
6e33f6a6,1055280.76
6e33f6a8,1592711.44
6e33f6ae,1109064.88
6e33f6b3,1039364.17
6e33f6b6,931799.86
6e33f6b9,1267985.87
6e33f6bf,1498149.5
6e33f6c3,1493099.37
6e33f6c8,1559954.12
6e33f6cb,1038390.36
6e33f6cd,1436213.47
6e33f6d0,1234729.57
6e33f6d3,1353180.52
6e33f6d7,1143604.21
6e33f6dd,1418061.48
6e33f6e2,1414077.85
6e33f6e6,1191408.8
6e33f6e9,1431259.39
6e33f6ef,1241303.7
6e33f6f2,1290404.44
6e33f6f7,1248702.01
6e33f6fc,1083264.47
6e33f701,1332900.14
6e33f704,1187852.23
6e33f709,1438936.4
6e33f70d,1198007.83
6e33f712,1368103.29
6e33f714,1299261.42
6e33f718,1278006.95
6e33f71c,1576243.75
6e33f71e,1340676.43
6e33f724,1356149.54
6e33f729,1477023.85
6e33f72b,1408774.54
6e33f72e,1431810.36
6e33f730,1468308.81
6e33f735,1379436.2
6e33f738,1253581.67
6e33f73a,1391701.3
6e33f740,1372265.36
6e33f743,1368762.26
6e33f747,1173028.43
6e33f74d,1062538.92
6e33f750,1206088.12
6e33f755,1283081.69
6e33f758,1521035.95
6e33f75a,1316486.34
6e33f75d,1377824.04
6e33f761,1270507.2
6e33f763,1509526.55
6e33f767,1300583.92
6e33f76c,1386379.8
6e33f76f,1465663.24
6e33f771,1562268.56
6e33f773,1150570.4
6e33f775,1094553.83
6e33f779,1375903.24
6e33f77b,1286412.99
6e33f781,1539795.43
6e33f785,1332723.6
6e33f787,1420434.06
6e33f78b,1197653.16
6e33f78e,1484016.46
6e33f790,1360446.81
6e33f793,1614994.05
6e33f797,1356138.46
6e33f79a,1135211.86
6e33f79f,1363106.5
6e33f7a2,1371976.88
6e33f7a6,1292992.23
6e33f7a8,1611505.47
6e33f7ad,1418807.83
6e33f7b0,1481373.56
6e33f7b3,1275101.81
6e33f7b5,1487470.81
6e33f7b7,1235148.37
6e33f7bc,1387748.11
6e33f7c1,1260299.27
6e33f7c5,1546654.86
6e33f7c7,1310225.14
6e33f7cc,1438581.09
6e33f7d0,1272341.82
6e33f7d2,1113349.2
6e33f7d4,1453083.89
6e33f7da,1155704.55
6e33f7df,1659886.95
6e33f7e4,1196867.86
6e33f7e9,1313432.82
6e33f7ec,1041082.86
6e33f7f0,1411566.03
6e33f7f4,1360692.89
6e33f7f8,1026408.5
6e33f7fa,1285634.27
6e33f7fd,1288044.4
6e33f802,1065269.04
6e33f804,1551597.57
6e33f808,1398140.7
6e33f80d,1255168.16
6e33f812,1495453.3
6e33f814,1524720.47
6e33f816,1364189.65
6e33f81a,1446027.82
6e33f81e,1288369.71
6e33f824,1354849.44
6e33f828,1165499.8
6e33f82b,1414236.12
6e33f82e,1535886.81
6e33f830,1484067.11
6e33f835,1035641.51
6e33f83b,1329892.64
6e33f840,1335948.87
6e33f843,1041277.74
6e33f848,1436442.06
6e33f84e,1283494.01
6e33f854,1286847.14
6e33f85a,1480168.5
6e33f85d,1099073.74
6e33f860,1552050.73
6e33f864,1537917.25
6e33f868,1173861.91
6e33f86d,1412168.91
6e33f872,1406202.19
6e33f875,1555402.17
6e33f877,1423899.72
6e33f87a,1163875.87
6e33f87c,1392651.81
6e33f87f,1438738.44
6e33f885,1421396.81
6e33f887,1061951.83
6e33f88b,1313005.98
6e33f88f,1467302.07
6e33f891,1424735.28
6e33f896,1274458.61
6e33f899,1396396.82
6e33f89b,1222075.4
6e33f8a0,1304730.62
6e33f8a5,1420141.54
6e33f8a9,1049088.06
6e33f8ac,1410255.8
6e33f8b1,1446160.04
6e33f8b4,1285021.01
6e33f8b7,1626811.22
6e33f8bc,1261144.89
6e33f8c1,1261533.15
6e33f8c3,1399885.57
6e33f8c6,1517177.0
6e33f8cc,1663981.49
6e33f8d2,1180208.06
6e33f8d7,1508126.24
6e33f8da,1386653.94
6e33f8df,1350611.14
6e33f8e2,1540837.84
6e33f8e4,1360471.24
6e33f8ea,1456330.14
6e33f8f0,1436447.28
6e33f8f3,1426736.09
6e33f8f7,1360400.25
6e33f8f9,1437453.87
6e33f8fb,1229275.36
6e33f8fe,1336082.09
6e33f902,1154472.8
6e33f906,1524513.61
6e33f90c,1531097.44
6e33f90e,1248086.68
6e33f914,1255077.75
6e33f918,1540314.04
6e33f91d,1461111.0
6e33f921,1165318.43
6e33f923,1500274.6
6e33f926,818112.27
6e33f92c,1521649.91
6e33f930,1450268.67
6e33f934,1381818.51
6e33f936,1270441.34
6e33f93a,1379703.08
6e33f93e,1566574.73
6e33f942,1388926.89
6e33f945,1401066.28
6e33f949,1298604.14
6e33f94f,1501229.05
6e33f952,1232507.39
6e33f957,1019135.41
6e33f95d,1482848.82
6e33f960,919253.69
6e33f964,1298153.01
6e33f96a,1305848.37
6e33f970,1266540.2
6e33f974,1465851.5
6e33f979,1520774.67
6e33f97d,1458179.91
6e33f983,1410351.32
6e33f985,1422484.57
6e33f98b,967024.23
6e33f991,1463727.14
6e33f997,1238970.77
6e33f99a,1516375.64
6e33f99f,1160173.46
6e33f9a2,1660659.51
6e33f9a7,1466753.15
6e33f9a9,1241172.05
6e33f9ae,1184928.04
6e33f9b1,1320997.24
6e33f9b6,1471278.4
6e33f9bc,1533576.95
6e33f9bf,1402733.18
6e33f9c1,1333765.47
6e33f9c5,1158263.29
6e33f9c9,1304752.29
6e33f9ce,1289970.3
6e33f9d0,1585496.6
6e33f9d5,1164534.23
6e33f9d9,1258814.46
6e33f9de,1424474.08
6e33f9e1,1200470.18
6e33f9e6,1519631.24
6e33f9ea,1449792.78
6e33f9ee,1318533.07
6e33f9f0,1261892.16
6e33f9f2,1325845.9
6e33f9f4,1443086.31
6e33f9f6,1297868.26
6e33f9fb,1362440.77
6e33f9fe,1308166.11
6e33fa01,1396759.38
6e33fa06,1458486.73
6e33fa0c,1148697.73
6e33fa11,1409116.84
6e33fa16,1168459.33
6e33fa18,1483697.42
6e33fa1d,1472105.55
6e33fa21,1260886.78
6e33fa27,1380607.73
6e33fa2a,1423810.27
6e33fa2c,1080172.53
6e33fa31,1203633.51
6e33fa33,1451877.46
6e33fa37,1589847.27
6e33fa39,1527766.01
6e33fa3b,1118535.41
6e33fa41,1391726.27
6e33fa44,1424017.0
6e33fa47,1134149.86
6e33fa4a,1283720.93
6e33fa4c,1348787.02
6e33fa4f,1221028.49
6e33fa53,1046965.93
6e33fa58,1092610.4
6e33fa5b,1054202.65
6e33fa5f,1166988.75
6e33fa62,1299184.05
6e33fa67,1321092.47
6e33fa6b,1177150.28
6e33fa6f,1024427.54
6e33fa72,1224813.54
6e33fa75,1417071.9
6e33fa78,1482360.55
6e33fa7a,1352446.13
6e33fa7f,1360224.62
6e33fa82,1379184.85
6e33fa87,1458249.07
6e33fa8a,1508902.7
6e33fa8d,1308316.33
6e33fa93,1319991.83
6e33fa97,1501306.93
6e33fa9d,1532387.31
6e33fa9f,1449652.29
6e33faa2,1408241.49
6e33faa6,1519608.31
6e33faaa,1041370.22
6e33fab0,1435944.7
6e33fab4,1383621.14
6e33fab9,1496761.51
6e33fabb,1574906.3
6e33fac0,1328615.18
6e33fac3,1019375.98
6e33fac9,1226036.89
6e33facb,1120601.33
6e33face,1442953.9
6e33fad2,1429048.07
6e33fad6,1339395.12
6e33fad8,1423453.18
6e33fadc,1321990.45
6e33fae0,1332759.75
6e33fae5,1277667.13
6e33fae8,1575331.26
6e33faeb,1204589.92
6e33faf1,1352293.27
6e33faf6,907998.13
6e33faf8,1314128.51
6e33fafe,1073657.7
6e33fb02,1322219.37
6e33fb06,1320495.98
6e33fb0c,745187.43
6e33fb0e,1390937.21
6e33fb14,1277399.84
6e33fb19,1453571.04
6e33fb1c,1368380.8
6e33fb20,1491910.6
6e33fb24,1309177.15
6e33fb28,1486028.95
6e33fb2e,1247022.45
6e33fb34,1212684.04
6e33fb39,1167588.99
6e33fb3c,1188373.78
6e33fb40,1210956.48
6e33fb46,1116090.19
6e33fb4a,1421848.4
6e33fb4c,1649924.12
6e33fb4e,1165784.84
6e33fb50,1434170.43
6e33fb54,1300682.44
6e33fb5a,1423551.55
6e33fb5d,977910.57
6e33fb5f,888847.69
6e33fb62,1430097.78
6e33fb67,1414024.2
6e33fb6c,1465097.58
6e33fb70,1462562.04
6e33fb73,1421089.38
6e33fb77,1337231.33
6e33fb7d,1280573.73
6e33fb83,1096272.55
6e33fb89,1162240.85
6e33fb8d,1375538.46
6e33fb93,1750123.69
6e33fb95,1358135.61
6e33fb97,1265666.72
6e33fb9c,1415132.17
6e33fba1,1546736.58
6e33fba3,939759.76
6e33fba6,1524354.48
6e33fba8,1400276.06
6e33fbae,1217832.9
6e33fbb3,1453530.9
6e33fbb7,1420038.26
6e33fbba,1273263.92
6e33fbbf,1408704.95
6e33fbc3,1324013.21
6e33fbc6,1390679.03
6e33fbcb,1214604.64
6e33fbcd,1393443.72
6e33fbd0,1287133.43
6e33fbd4,1444344.44
6e33fbd7,1455058.0
6e33fbdb,1208666.07
6e33fbdd,1042482.77
6e33fbe3,955236.44
6e33fbe8,961665.8
6e33fbea,832593.62
6e33fbee,1412168.03
6e33fbf0,1230467.85
6e33fbf3,1336052.01
6e33fbf7,838717.88
6e33fbf9,1511679.22
6e33fbfe,1279493.07
6e33fc04,1469751.85
6e33fc08,1443806.05
6e33fc0d,1277223.79
6e33fc10,1413069.67
6e33fc14,959691.36
6e33fc18,1557661.82
6e33fc1d,1298642.13
6e33fc22,1083363.59
6e33fc27,1511934.94
6e33fc2d,1171969.31
6e33fc33,1464486.21
6e33fc36,1349998.56
6e33fc3b,1586652.44
6e33fc3f,1322714.61
6e33fc41,1433999.32
6e33fc46,1268500.81
6e33fc4b,1302179.62
6e33fc50,987934.54
6e33fc52,1540756.8
6e33fc57,1383441.22
6e33fc5d,892086.86
6e33fc63,1583722.61
6e33fc65,1583258.66
6e33fc6b,1442294.11
6e33fc71,1322423.56
6e33fc74,884210.88
6e33fc76,1428071.05
6e33fc7b,1079162.54
6e33fc81,1022697.11
6e33fc86,1226609.28
6e33fc88,1456356.72
6e33fc8c,1360777.4
6e33fc8e,1068149.29
6e33fc92,1361487.99
6e33fc96,1085168.7
6e33fc9c,1388746.99
6e33fc9f,1480672.61
6e33fca5,1451999.85
6e33fcab,1204562.18
6e33fcb0,1383963.48
6e33fcb6,1152370.25
6e33fcb8,1590483.43
6e33fcbc,1279772.08
6e33fcc1,1334584.61
6e33fcc5,1432220.84
6e33fcc8,1532281.54
6e33fccb,1441467.02
6e33fccf,1434506.34
6e33fcd3,1443421.7
6e33fcd9,1367814.02
6e33fcdc,1246342.25
6e33fce0,1247854.84
6e33fce3,1402926.47
6e33fce9,1365446.37
6e33fcef,1485068.92
6e33fcf2,1097270.99
6e33fcf5,1356747.0
6e33fcf7,1140731.25
6e33fcfd,1351010.39
6e33fd03,1515427.77
6e33fd09,1318920.53
6e33fd0d,1258446.21
6e33fd0f,1128359.12
6e33fd13,1148226.77
6e33fd17,1289622.65
6e33fd1b,945167.58
6e33fd1e,1277951.64
6e33fd20,1293861.24
6e33fd23,1471923.92
6e33fd27,1397691.05
6e33fd2c,1237949.89
6e33fd30,1168589.99
6e33fd34,1581144.75
6e33fd39,1276671.14
6e33fd3b,1178662.3
6e33fd3d,1087598.43
6e33fd41,1384529.77
6e33fd43,1256975.48
6e33fd49,1144318.77
6e33fd4c,1293066.54
6e33fd51,1461569.07
6e33fd57,967358.94
6e33fd59,1091202.69
6e33fd5c,1277729.13
6e33fd62,1461446.86
6e33fd67,1436114.19
6e33fd69,1459103.72
6e33fd6c,1296991.19
6e33fd70,1278702.58
6e33fd74,1126713.96
6e33fd79,1447607.4
6e33fd7b,1140018.9
6e33fd7d,1362804.31
6e33fd81,1192396.45
6e33fd85,1238001.17
6e33fd87,1436996.25
6e33fd89,1050804.11
6e33fd8e,1503854.23
6e33fd90,1135185.64
6e33fd94,1287069.8
6e33fd99,1180724.21
6e33fd9c,1084338.76
6e33fd9f,1424231.48
6e33fda2,1332164.65
6e33fda8,1268325.15
6e33fdac,1464621.35
6e33fdb1,1205673.65
6e33fdb7,1529555.03
6e33fdba,1385440.64
6e33fdc0,1487488.06
6e33fdc2,1449697.35
6e33fdc6,1295514.1
6e33fdcc,1326045.95
6e33fdd2,1573320.42
6e33fdd4,1462454.69
6e33fdda,1410898.81
6e33fddc,1583093.07
6e33fddf,1325786.58
6e33fde1,1339984.43
6e33fde7,1410392.76
6e33fdeb,1450021.45
6e33fdf1,1128917.99
6e33fdf3,1449591.34
6e33fdf5,1118116.49
6e33fdf7,1509324.06
6e33fdfa,1259629.39
6e33fdfc,1281751.37
6e33fdff,1290253.77
6e33fe04,1357911.02
6e33fe07,1192335.21
6e33fe0a,1321159.75
6e33fe10,1136377.23
6e33fe14,1452481.04
6e33fe1a,1469301.44
6e33fe1d,1264051.7
6e33fe1f,1070991.41
6e33fe21,1449587.01
6e33fe27,1438746.21
6e33fe2d,1314317.24
6e33fe2f,1399588.05
6e33fe32,1166572.03
6e33fe36,1370618.63
6e33fe38,1427803.43
6e33fe3c,1460205.53
6e33fe42,1375264.19
6e33fe46,1534055.64
6e33fe49,1437951.68
6e33fe4f,1343258.3
6e33fe51,1355418.14
6e33fe53,1433785.43
6e33fe55,1314054.08
6e33fe59,1208996.15
6e33fe5f,1299669.42
6e33fe65,1334814.6
6e33fe6a,925999.49
6e33fe6e,1444202.76
6e33fe70,1482692.33
6e33fe76,1364098.6
6e33fe78,1159769.81
6e33fe7e,1003406.03
6e33fe80,1297659.78
6e33fe84,1262123.24
6e33fe86,1237103.27
6e33fe88,1024459.16
6e33fe8c,1085173.12
6e33fe8f,1295656.28
6e33fe91,1442735.6
6e33fe97,1454252.16
6e33fe9a,1502581.58
6e33fe9d,1448372.89
6e33fea2,1328901.62
6e33fea6,1251807.31
6e33feab,1481263.95
6e33feae,1353784.46
6e33feb0,1504040.15
6e33feb3,1381751.35
6e33feb7,1203037.88
6e33feb9,1325819.97
6e33febd,1399266.31
6e33fec3,1459042.22
6e33fec8,1259040.77
6e33fece,1367258.51
6e33fed3,1394586.48
6e33fed9,1152751.4
6e33fede,1263905.33
6e33fee2,1477622.18
6e33fee6,1337970.13
6e33feec,1467610.03
6e33feee,1063623.74
6e33fef1,1264348.39
6e33fef3,1325901.25
6e33fef7,1610466.71
6e33fefa,1031300.68
6e33feff,1317665.69
6e33ff04,1283170.99
6e33ff08,1360792.83
6e33ff0b,1366387.99
6e33ff0d,1175479.22
6e33ff10,1454221.83
6e33ff14,1623287.6
6e33ff18,1329368.93
6e33ff1d,1443653.75
6e33ff1f,1037436.45
6e33ff23,1316145.19
6e33ff26,1249746.72
6e33ff28,1407787.04
6e33ff2d,1391694.17
6e33ff32,1524313.62
6e33ff36,1403281.78
6e33ff39,1174499.3
6e33ff3f,1409150.35
6e33ff45,1416932.73
6e33ff47,1297877.79
6e33ff49,1012951.41
6e33ff4e,1277058.02
6e33ff53,970324.96
6e33ff55,1442186.77
6e33ff5a,1178820.8
6e33ff5c,1421704.57
6e33ff5f,1340110.51
6e33ff63,1318007.91
6e33ff67,1174435.19
6e33ff6c,1481275.94
6e33ff6e,1418537.31
6e33ff70,1240623.61
6e33ff76,1001860.01
6e33ff7c,1398881.03
6e33ff7f,1340711.43
6e33ff84,1108345.63
6e33ff88,1236873.93
6e33ff8a,1299307.6
6e33ff8f,917998.68
6e33ff91,1553532.11
6e33ff94,1109177.37
6e33ff97,1449328.27
6e33ff99,1548401.46
6e33ff9e,1410156.38
6e33ffa0,1449429.97
6e33ffa2,1431523.18
6e33ffa5,1459382.76
6e33ffa9,1487518.08
6e33ffac,1230791.96
6e33ffb2,1418836.5
6e33ffb8,1190041.5
6e33ffba,1437899.45
6e33ffbf,1461365.39
6e33ffc3,1509169.2
6e33ffc5,1499471.59
6e33ffc9,1340359.27
6e33ffce,1113022.06
6e33ffd0,1305188.8
6e33ffd6,1111505.6
6e33ffdb,1377643.45
6e33ffdd,1387697.43
6e33ffe3,1258443.28
6e33ffe9,1256056.94
6e33ffec,968375.84
6e33fff2,1517454.32
6e33fff6,1312591.46
6e33fff8,1658668.49
6e33fffc,1179085.95
6e340000,965746.98
6e340005,1370013.42
6e340007,1503091.32
6e34000c,1425208.67
6e340012,1588419.1
6e340018,899610.86
6e34001e,1174923.25
6e340020,1378959.28
6e340026,1284914.79
6e340028,1319761.16
6e34002d,1468745.34
6e340031,1213448.04
6e340034,1447588.08
6e340039,1263656.66
6e34003f,1376611.31
6e340043,1506666.78
6e340046,1120013.13
6e34004c,1076912.58
6e340052,1146067.76
6e340057,1338209.9
6e34005c,1309591.55
6e340061,1437836.98
6e340064,1381946.82
6e34006a,1324955.8
6e34006f,1386330.34
6e340071,1465951.15
6e340075,1216271.1
6e340077,1223342.54
6e34007d,1442507.38
6e340082,1299612.24
6e340087,1579849.39
6e34008b,1239049.64
6e34008f,1091917.5
6e340093,1301787.39
6e340096,1354233.94
6e340098,1212586.59
6e34009e,1309583.69
6e3400a0,1349365.8
6e3400a3,1459488.54
6e3400a5,1226543.91
6e3400a8,1468353.95
6e3400ae,1291341.68
6e3400b2,1306034.56
6e3400b4,1486391.63
6e3400b8,1461318.11
6e3400bc,1391682.2
6e3400c2,1303990.86
6e3400c6,1514891.64
6e3400cb,1151348.54
6e3400cd,1231255.26
6e3400d3,1370008.44
6e3400d8,1308651.53
6e3400dd,1387376.46
6e3400e0,1182517.5
6e3400e6,905579.98
6e3400ea,1490995.99
6e3400ee,924634.89
6e3400f3,1370605.15
6e3400f6,1303759.07
6e3400fb,1114375.43
6e340101,977430.7
6e340103,1365931.75
6e340107,1376640.1
6e340109,1346665.92
6e34010b,1299354.51
6e34010d,1436033.31
6e340110,1411394.82
6e340116,1220543.79
6e340118,1213884.42
6e34011b,1346384.99
6e34011e,1517631.77
6e340124,1300982.83
6e34012a,1456203.4
6e34012d,1223606.76
6e340132,1481333.69
6e340134,1225369.53
6e34013a,1391317.41
6e340140,1289660.18
6e340146,1108772.59
6e34014c,1438227.92
6e34014f,1318229.5
6e340152,1487039.62
6e340155,1425369.79
6e340158,1305382.27
6e34015e,1372149.11
6e340163,1455888.6
6e340169,1158323.83
6e34016d,1312139.85
6e340172,1472307.25
6e340177,1442441.36
6e34017c,1564981.07
6e340182,1437677.74
6e340186,1295144.45
6e34018c,980976.72
6e340191,1625189.59
6e340195,1559840.94
6e340199,1208913.65
6e34019e,978201.15
6e3401a2,1424252.95
6e3401a8,1269131.49
6e3401aa,1578969.54
6e3401b0,1463867.19
6e3401b5,1207759.32
6e3401b7,1566075.96
6e3401bb,1180368.46
6e3401bf,1376003.68
6e3401c4,1247812.12
6e3401c9,1406806.24
6e3401cf,1221431.71
6e3401d5,1503281.63
6e3401db,1076977.81
6e3401df,1283009.96
6e3401e3,1264037.68
6e3401e7,1368843.67
6e3401e9,1610322.54
6e3401ee,1314659.09
6e3401f4,1146135.04
6e3401f9,1418171.59
6e3401fd,1243899.48
6e340202,1303914.2
6e340206,1279568.93
6e340208,1476798.02
6e34020b,1298985.48
6e340211,1449595.76
6e340214,1341633.05
6e340218,1426052.12
6e34021b,976306.53
6e340221,1532727.16
6e340225,1015344.26
6e340228,1387034.57
6e34022d,1584091.84
6e34022f,1300719.37
6e340235,1261097.95
6e34023a,1526083.69
6e340240,1526665.44
6e340244,896671.17
6e340246,1441650.32
6e340249,1409219.11
6e34024d,1318793.77
6e34024f,1012987.96
6e340255,1332997.49
6e340257,1247619.73
6e34025a,1384262.48
6e34025e,1437726.01
6e340263,1356732.72
6e340265,1461772.97
6e340269,1502652.46
6e34026f,1412655.4
6e340274,1220216.48
6e340279,1574320.75
6e34027b,1291252.6
6e34027f,1375006.58
6e340282,1163695.43
6e340285,1231700.42
6e34028b,1147298.92
6e340290,1320382.52
6e340292,1225889.42
6e340297,1367909.68
6e34029a,1426926.59
6e34029c,1471821.11
6e3402a0,1346224.1
6e3402a5,1525222.28
6e3402aa,1278320.18
6e3402ad,1204453.16
6e3402b2,1394097.34
6e3402b4,1319294.17
6e3402b7,991574.79
6e3402bc,1222431.02
6e3402c0,1395887.54
6e3402c3,1423387.2
6e3402c5,1297140.34
6e3402c7,1483075.9
6e3402ca,1289466.2
6e3402d0,1414195.27
6e3402d6,1263879.81
6e3402da,1328997.59
6e3402e0,1111439.32
6e3402e6,1351388.48
6e3402ea,1141642.08
6e3402ee,1435880.19
6e3402f4,1522058.56
6e3402f8,1223565.91
6e3402fa,1318974.9
6e3402fc,1215691.98
6e3402ff,1195209.22
6e340302,1301136.17
6e340308,1548209.41
6e34030c,1041050.05
6e340311,1395848.33
6e340317,971228.66
6e34031a,1468676.67
6e34031c,1508794.86
6e340320,1421037.22
6e340325,1425842.75
6e34032a,1440740.31
6e34032c,1543188.65
6e340331,1247733.69
6e340333,1498925.72
6e340337,1281840.63
6e34033b,1340913.46
6e34033f,1417155.68
6e340342,1441541.11
6e340344,1243588.72
6e340349,1474924.38
6e34034b,1599710.42
6e34034d,1286428.36
6e340352,1542917.93
6e340356,1306584.96
6e34035b,1435913.86
6e340361,1049509.91
6e340366,1439578.8
6e34036c,1180052.74
6e34036e,1332698.57
6e340370,1200590.57
6e340373,1344764.42
6e340379,1075572.65
6e34037e,1348878.84
6e340380,1512519.7
6e340385,1619898.21
6e34038a,1327209.62
6e340390,1390152.34
6e340396,1588690.17
6e34039c,1294989.93
6e34039f,1240379.72
6e3403a4,1562184.96
6e3403a8,1246437.31
6e3403ae,1444956.4
6e3403b3,1362098.79
6e3403b6,1057026.3
6e3403bb,1306838.2
6e3403bf,1350983.1
6e3403c2,1006462.8
6e3403c4,1406752.89
6e3403ca,1440986.56
6e3403cd,1428162.19
6e3403d0,1325180.33
6e3403d5,1381109.75
6e3403d9,1430158.39
6e3403df,1448280.93
6e3403e3,1046308.1
6e3403e7,1302578.67
6e3403ea,1517547.32
6e3403ef,1523129.2
6e3403f3,1005897.23
6e3403f8,1318959.82
6e3403fb,1511254.62
6e340401,1116171.28
6e340406,1456690.49
6e340408,1354011.95
6e34040e,1436921.39
6e340413,1425241.76
6e340415,1151773.99
6e340418,1408094.02
6e34041d,1192036.91
6e34041f,1042084.36
6e340422,1042677.75
6e340427,1322889.71
6e34042b,1308034.42
6e34042e,1391723.09
6e340433,1386323.86
6e340437,1250517.31
6e340439,952796.32
6e34043e,1403652.82
6e340441,1482351.72
6e340443,1420143.9
6e340447,1249701.94
6e34044d,1398029.51
6e340450,1465446.01
6e340456,1349687.54
6e340459,1004622.46
6e34045e,1311051.57
6e340461,1451089.23
6e340464,1421630.8
6e340468,1367645.51
6e34046c,1298812.65
6e340470,1175751.03
6e340474,1215061.67
6e340479,1461400.15
6e34047f,1496698.7
6e340485,1448779.58
6e340488,1410312.31
6e34048a,1614486.97
6e34048e,1584636.85
6e340492,1558899.09
6e340495,1529011.69
6e340497,1088526.19
6e34049a,1427565.44
6e3404a0,1490182.89
6e3404a3,946882.71
6e3404a6,1310062.99
6e3404a9,1287364.0
6e3404af,1389531.28
6e3404b3,1096337.35
6e3404b5,1294488.43
6e3404b9,1460620.17
6e3404bf,1322087.54
6e3404c1,1336254.84
6e3404c5,1359480.45
6e3404c8,1346577.36
6e3404cb,1299082.04
6e3404cf,1373553.93
6e3404d2,1552240.63
6e3404d7,1278571.6
6e3404d9,1143992.27
6e3404dd,1329607.37
6e3404e3,1422088.65
6e3404e6,1276746.64
6e3404e9,1295150.56
6e3404eb,1294475.99
6e3404ed,1329167.68
6e3404ef,892852.87
6e3404f5,1287863.94
6e3404f9,1275320.43
6e3404fe,1437729.74
6e340503,1452452.18
6e340505,1208943.42
6e340508,1245151.63
6e34050a,1381771.35
6e34050c,1230595.38
6e34050f,1414209.81
6e340513,1434622.95
6e340515,1457590.09
6e34051b,1320948.0
6e34051e,1394579.71
6e340523,1204455.13
6e340528,1229318.1
6e34052d,1100349.15
6e340532,1351888.15
6e340537,1372666.64
6e34053d,1208438.93
6e340543,1316070.56
6e340547,1257102.42
6e34054c,1346820.72
6e340551,1302756.93
6e340554,1363061.71
6e340559,1450340.06
6e34055d,1212984.93
6e340560,1249421.58
6e340565,1324153.89
6e34056b,1256485.49
6e340570,1408112.69
6e340572,1600975.61
6e340574,1379323.39
6e340578,1311732.46
6e34057e,1481054.48
6e340580,1290036.26
6e340584,1442014.05
6e340588,1219721.41
6e34058c,1298482.64
6e340590,1036067.78
6e340596,1506129.89
6e340598,1280131.14
6e34059d,1508484.63
6e3405a3,1260729.17
6e3405a7,1261743.37
6e3405ad,1467429.68
6e3405b3,1550232.84
6e3405b7,1282399.0
6e3405bb,1489317.0
6e3405c0,1359257.34
6e3405c2,1315950.08
6e3405c4,1233952.53
6e3405c7,1591912.6
6e3405cc,1300778.36
6e3405cf,1292291.51
6e3405d3,1231896.68
6e3405d8,1286556.21
6e3405db,935995.02
6e3405de,1193496.81
6e3405e4,1159287.53
6e3405e9,1171655.83
6e3405ec,1335486.45
6e3405ef,1375859.47
6e3405f2,1379610.11
6e3405f7,1219107.82
6e3405f9,1141097.5
6e3405ff,1306832.29
6e340604,1564435.44
6e34060a,1484753.01
6e34060e,1352877.22
6e340614,1326873.78
6e340619,1339169.77
6e34061f,1389845.09
6e340624,1393780.95
6e34062a,1458474.23
6e34062e,1565497.2
6e340630,1356564.77
6e340636,872675.57
6e340639,1488597.4
6e34063f,1347187.96
6e340643,1465940.37
6e340648,1092779.88
6e34064d,857789.97
6e340651,1344343.64
6e340654,1452150.19
6e340657,1261105.41
6e34065c,1400490.88
6e340660,1350209.12
6e340664,1336176.05
6e340669,1381520.93
6e34066e,1528366.49
6e340672,1449020.51
6e340674,937842.54
6e34067a,1513240.96
6e340680,1163747.77
6e340684,1104283.32
6e340688,1305637.36
6e34068a,1377126.53
6e34068e,1389217.95
6e340692,1281664.43
6e340694,1335764.18
6e340697,1541055.46
6e34069d,1326591.92
6e3406a1,1511395.03
6e3406a5,1153063.42
6e3406a9,1430130.97
6e3406ab,1388416.87
6e3406b0,1461412.9
